item:,0.139.209.84,freq:,2847778,true,2843091,error,4687
item:,0.43.189.72,freq:,69825746,true,69817323,error,8423
item:,0.5.125.158,freq:,2832471,true,2816903,error,15568
item:,1.111.161.22,freq:,6474957,true,6455969,error,18988
item:,1.116.12.129,freq:,4911792,true,4902381,error,9411
item:,1.166.139.93,freq:,18048272,true,18047758,error,514
item:,1.217.35.203,freq:,6740059,true,6727968,error,12091
item:,1.94.169.230,freq:,3678818,true,3658824,error,19994
item:,100.219.143.169,freq:,3211340,true,3194483,error,16857
item:,100.226.131.169,freq:,112677811,true,112671447,error,6364
item:,100.5.248.154,freq:,85744441,true,85717719,error,26722
item:,100.62.241.177,freq:,3470540,true,3468024,error,2516
item:,100.86.189.16,freq:,8114857,true,8102825,error,12032
item:,101.1.177.199,freq:,4630806,true,4616332,error,14474
item:,101.118.145.28,freq:,5888670,true,5874384,error,14286
item:,101.4.239.95,freq:,2113544,true,2112641,error,903
item:,101.42.60.172,freq:,3257408,true,3253313,error,4095
item:,102.131.210.179,freq:,8722510,true,8714678,error,7832
item:,102.177.41.9,freq:,2763406,true,2746394,error,17012
item:,102.20.11.120,freq:,4366772,true,4360771,error,6001
item:,102.231.161.55,freq:,11146050,true,11136453,error,9597
item:,102.48.160.56,freq:,2317888,true,2303001,error,14887
item:,102.72.201.150,freq:,1865856,true,1852406,error,13450
item:,102.89.167.88,freq:,28874829,true,28857203,error,17626
item:,103.18.35.69,freq:,1776967,true,1771024,error,5943
item:,103.190.223.157,freq:,7163477,true,7135414,error,28063
item:,103.247.46.128,freq:,4967679,true,4965838,error,1841
item:,103.96.80.64,freq:,2172274,true,2153457,error,18817
item:,104.174.101.112,freq:,1670543,true,1666977,error,3566
item:,104.181.149.136,freq:,39240707,true,39212307,error,28400
item:,104.241.182.245,freq:,3211757,true,3206088,error,5669
item:,104.244.48.56,freq:,32055979,true,32048794,error,7185
item:,105.213.12.153,freq:,31468972,true,31441078,error,27894
item:,106.11.24.83,freq:,31145679,true,31140149,error,5530
item:,106.188.78.171,freq:,2128512,true,2115893,error,12619
item:,107.114.48.153,freq:,4808864,true,4805113,error,3751
item:,107.143.75.172,freq:,1981408,true,1972618,error,8790
item:,107.215.97.31,freq:,6174380,true,6168591,error,5789
item:,107.35.206.182,freq:,52695536,true,52685245,error,10291
item:,108.174.110.92,freq:,91344112,true,91325812,error,18300
item:,108.191.117.84,freq:,5118569,true,5107218,error,11351
item:,108.213.224.11,freq:,3027762,true,3005161,error,22601
item:,108.218.233.54,freq:,100710290,true,100705238,error,5052
item:,108.9.57.202,freq:,1735887,true,1726782,error,9105
item:,109.166.108.73,freq:,43950130,true,43944106,error,6024
item:,109.212.0.132,freq:,4329715,true,4314588,error,15127
item:,109.213.161.100,freq:,7476430,true,7446922,error,29508
item:,109.235.133.54,freq:,3728251,true,3725191,error,3060
item:,109.87.29.88,freq:,5492743,true,5489566,error,3177
item:,11.1.80.74,freq:,4528248,true,4517672,error,10576
item:,11.100.171.187,freq:,1892285,true,1874116,error,18169
item:,11.111.49.48,freq:,8001503,true,7988886,error,12617
item:,11.170.24.150,freq:,2944398,true,2932937,error,11461
item:,11.200.215.250,freq:,3275622,true,3266466,error,9156
item:,11.224.109.231,freq:,6342449,true,6337643,error,4806
item:,11.225.93.120,freq:,20329725,true,20327739,error,1986
item:,11.250.161.231,freq:,1673243,true,1665828,error,7415
item:,11.37.46.17,freq:,2620183,true,2608716,error,11467
item:,111.116.201.178,freq:,14630086,true,14624583,error,5503
item:,111.68.80.156,freq:,4596940,true,4580889,error,16051
item:,112.113.12.72,freq:,1622471,true,1606013,error,16458
item:,112.150.209.197,freq:,2729875,true,2725934,error,3941
item:,112.18.182.51,freq:,11421494,true,11388356,error,33138
item:,112.7.25.147,freq:,3336284,true,3325463,error,10821
item:,112.88.226.104,freq:,2111458,true,2076766,error,34692
item:,113.102.153.174,freq:,12887791,true,12871099,error,16692
item:,113.111.181.246,freq:,1787780,true,1781231,error,6549
item:,113.130.92.42,freq:,5447782,true,5439894,error,7888
item:,113.236.111.12,freq:,7258239,true,7253212,error,5027
item:,113.56.209.112,freq:,2198139,true,2197056,error,1083
item:,114.103.17.15,freq:,5854623,true,5848080,error,6543
item:,114.12.138.204,freq:,27125134,true,27013868,error,111266
item:,114.234.80.227,freq:,2275608,true,2267858,error,7750
item:,115.127.15.225,freq:,1676683,true,1659931,error,16752
item:,115.209.165.118,freq:,1672217,true,1655046,error,17171
item:,115.6.96.127,freq:,3688785,true,3681927,error,6858
item:,115.80.45.249,freq:,36779564,true,36775148,error,4416
item:,116.100.40.154,freq:,5294416,true,5284602,error,9814
item:,116.34.36.47,freq:,2274447,true,2251072,error,23375
item:,116.42.196.3,freq:,2337146,true,2311825,error,25321
item:,116.79.46.233,freq:,3462996,true,3451298,error,11698
item:,117.175.76.212,freq:,2009834,true,2004268,error,5566
item:,117.198.48.115,freq:,4867453,true,4816532,error,50921
item:,117.245.247.101,freq:,3178267,true,3163360,error,14907
item:,118.131.133.4,freq:,2247080,true,2227347,error,19733
item:,118.146.15.7,freq:,2834159,true,2824441,error,9718
item:,118.164.79.96,freq:,1711002,true,1705223,error,5779
item:,118.171.181.44,freq:,1824949,true,1820244,error,4705
item:,118.173.191.117,freq:,3523243,true,3517197,error,6046
item:,118.220.216.255,freq:,75512011,true,75503678,error,8333
item:,118.228.15.126,freq:,2277763,true,2262160,error,15603
item:,118.229.4.111,freq:,5606940,true,5595690,error,11250
item:,118.235.228.222,freq:,9603067,true,9598214,error,4853
item:,118.239.175.150,freq:,10918698,true,10898567,error,20131
item:,118.255.224.48,freq:,1662482,true,1651041,error,11441
item:,121.120.129.61,freq:,15777494,true,15769271,error,8223
item:,121.16.246.124,freq:,1852738,true,1847559,error,5179
item:,121.164.114.125,freq:,39233709,true,39212681,error,21028
item:,121.191.5.219,freq:,7957566,true,7926288,error,31278
item:,121.199.24.227,freq:,6450840,true,6439332,error,11508
item:,121.223.205.52,freq:,36178340,true,36164521,error,13819
item:,121.224.108.145,freq:,17586073,true,17577203,error,8870
item:,121.242.118.151,freq:,8297625,true,8288224,error,9401
item:,121.39.58.145,freq:,2889644,true,2880907,error,8737
item:,121.77.150.209,freq:,21837114,true,21811709,error,25405
item:,123.108.95.12,freq:,1647372,true,1644436,error,2936
item:,123.162.107.217,freq:,1800582,true,1789345,error,11237
item:,123.168.1.162,freq:,3639471,true,3635269,error,4202
item:,123.170.221.190,freq:,3817172,true,3792030,error,25142
item:,123.190.155.194,freq:,5424017,true,5420833,error,3184
item:,123.41.61.57,freq:,1687702,true,1678358,error,9344
item:,123.44.155.181,freq:,24233724,true,24224616,error,9108
item:,123.47.200.255,freq:,1771417,true,1767244,error,4173
item:,123.65.82.224,freq:,43253709,true,43245523,error,8186
item:,124.128.251.44,freq:,3555015,true,3547323,error,7692
item:,124.18.87.240,freq:,3300563,true,3291888,error,8675
item:,124.239.88.1,freq:,54404604,true,54393222,error,11382
item:,124.244.252.175,freq:,9507956,true,9500651,error,7305
item:,124.38.55.80,freq:,5650316,true,5644817,error,5499
item:,124.43.80.52,freq:,24135665,true,24128269,error,7396
item:,124.91.140.52,freq:,60820918,true,60805622,error,15296
item:,124.98.157.183,freq:,2210430,true,2196273,error,14157
item:,125.0.114.87,freq:,18931357,true,18908715,error,22642
item:,125.119.241.222,freq:,62450918,true,62439824,error,11094
item:,125.171.161.162,freq:,3161224,true,3143619,error,17605
item:,125.175.153.12,freq:,1681280,true,1672286,error,8994
item:,125.92.21.112,freq:,1644337,true,1637702,error,6635
item:,126.157.85.77,freq:,3493486,true,3490484,error,3002
item:,126.213.239.246,freq:,1717435,true,1711969,error,5466
item:,126.224.26.115,freq:,9019004,true,9002525,error,16479
item:,126.79.98.92,freq:,1692389,true,1677409,error,14980
item:,126.92.214.102,freq:,5470756,true,5448456,error,22300
item:,127.103.175.127,freq:,4227579,true,4222980,error,4599
item:,127.135.160.64,freq:,23959494,true,23943599,error,15895
item:,127.154.75.212,freq:,42112215,true,42111036,error,1179
item:,127.227.254.79,freq:,45505392,true,45486739,error,18653
item:,127.242.90.63,freq:,1710118,true,1688084,error,22034
item:,127.69.227.169,freq:,4795470,true,4782928,error,12542
item:,127.7.240.133,freq:,4308304,true,4300714,error,7590
item:,127.91.44.213,freq:,4588477,true,4579090,error,9387
item:,128.131.114.59,freq:,35742383,true,35731259,error,11124
item:,128.160.212.123,freq:,65290452,true,65285007,error,5445
item:,128.213.228.248,freq:,13148993,true,13131789,error,17204
item:,128.235.134.217,freq:,2551316,true,2544779,error,6537
item:,128.238.243.185,freq:,16812186,true,16811389,error,797
item:,128.72.94.202,freq:,5196807,true,5190336,error,6471
item:,129.11.173.26,freq:,9741249,true,9734896,error,6353
item:,129.110.79.155,freq:,33725250,true,33711526,error,13724
item:,129.22.205.249,freq:,1698995,true,1688250,error,10745
item:,129.69.65.129,freq:,1802142,true,1800205,error,1937
item:,129.81.208.58,freq:,3191219,true,3181914,error,9305
item:,13.162.123.99,freq:,54003386,true,53982326,error,21060
item:,13.168.159.123,freq:,2791918,true,2786308,error,5610
item:,13.19.244.194,freq:,56605990,true,56602758,error,3232
item:,13.20.44.235,freq:,3233316,true,3227040,error,6276
item:,13.76.191.86,freq:,10903548,true,10891671,error,11877
item:,13.78.246.97,freq:,1632248,true,1625091,error,7157
item:,13.95.241.246,freq:,2444414,true,2440472,error,3942
item:,13.99.245.82,freq:,21859996,true,21858929,error,1067
item:,130.104.167.107,freq:,5949068,true,5944493,error,4575
item:,130.110.224.32,freq:,5842827,true,5833032,error,9795
item:,130.34.25.45,freq:,1618856,true,1613700,error,5156
item:,130.40.161.222,freq:,3210764,true,3204980,error,5784
item:,130.58.96.132,freq:,3757436,true,3742183,error,15253
item:,130.70.126.135,freq:,2535749,true,2524197,error,11552
item:,132.117.148.223,freq:,2586527,true,2579892,error,6635
item:,132.12.10.206,freq:,4374684,true,4367407,error,7277
item:,132.21.12.176,freq:,13935422,true,13911642,error,23780
item:,132.78.245.165,freq:,3537997,true,3525167,error,12830
item:,133.122.89.149,freq:,2035107,true,2029689,error,5418
item:,133.185.61.243,freq:,35355175,true,35346023,error,9152
item:,133.193.111.115,freq:,4863027,true,4834483,error,28544
item:,134.139.225.124,freq:,1907479,true,1903533,error,3946
item:,134.195.46.112,freq:,2277685,true,2264469,error,13216
item:,134.237.81.208,freq:,49689336,true,49687107,error,2229
item:,134.43.227.32,freq:,45095531,true,45092989,error,2542
item:,136.13.55.53,freq:,4511430,true,4495669,error,15761
item:,136.135.163.58,freq:,3072885,true,3053650,error,19235
item:,136.146.54.98,freq:,4275945,true,4273450,error,2495
item:,136.156.240.142,freq:,8428893,true,8425852,error,3041
item:,136.165.9.103,freq:,65565712,true,65554164,error,11548
item:,136.209.41.41,freq:,6533937,true,6518858,error,15079
item:,137.105.31.225,freq:,2393786,true,2374903,error,18883
item:,137.51.32.100,freq:,2603945,true,2602305,error,1640
item:,137.69.112.101,freq:,2116173,true,2106609,error,9564
item:,138.119.69.14,freq:,6418051,true,6407913,error,10138
item:,138.127.27.126,freq:,4446523,true,4441262,error,5261
item:,138.130.236.248,freq:,2380660,true,2374729,error,5931
item:,138.133.84.159,freq:,5161977,true,5152049,error,9928
item:,138.188.82.251,freq:,1840917,true,1781202,error,59715
item:,138.73.166.20,freq:,3242604,true,3237680,error,4924
item:,138.78.158.47,freq:,2586504,true,2568544,error,17960
item:,138.81.198.196,freq:,3452899,true,3451562,error,1337
item:,14.164.14.175,freq:,2048699,true,2045110,error,3589
item:,14.175.72.80,freq:,22780743,true,22768015,error,12728
item:,14.217.70.196,freq:,5679700,true,5671024,error,8676
item:,14.239.153.130,freq:,2733546,true,2665064,error,68482
item:,14.29.106.56,freq:,2145588,true,2131699,error,13889
item:,141.115.134.9,freq:,2443481,true,2407671,error,35810
item:,141.134.137.157,freq:,2679348,true,2668197,error,11151
item:,141.201.95.181,freq:,2017258,true,2003597,error,13661
item:,141.209.245.65,freq:,3376367,true,3336146,error,40221
item:,141.234.237.142,freq:,71329707,true,71325232,error,4475
item:,141.246.193.144,freq:,7973198,true,7964384,error,8814
item:,141.33.181.21,freq:,8636694,true,8634425,error,2269
item:,141.46.147.155,freq:,2094056,true,2058500,error,35556
item:,141.54.70.224,freq:,14998569,true,14987458,error,11111
item:,143.113.186.99,freq:,67735853,true,67729994,error,5859
item:,143.116.253.240,freq:,4247419,true,4235413,error,12006
item:,143.135.197.33,freq:,25631997,true,25618215,error,13782
item:,143.159.11.41,freq:,3553343,true,3529321,error,24022
item:,143.195.107.145,freq:,12772608,true,12764942,error,7666
item:,143.247.46.3,freq:,1732774,true,1725307,error,7467
item:,143.255.99.185,freq:,2200576,true,2164435,error,36141
item:,143.50.86.139,freq:,2183505,true,2175500,error,8005
item:,143.59.162.144,freq:,203049145,true,203037763,error,11382
item:,143.77.142.249,freq:,14753114,true,14739661,error,13453
item:,143.91.158.242,freq:,1737244,true,1711986,error,25258
item:,145.111.145.35,freq:,14318014,true,14303952,error,14062
item:,145.124.216.85,freq:,2571256,true,2562769,error,8487
item:,145.13.59.35,freq:,1990789,true,1967081,error,23708
item:,145.16.106.4,freq:,5596068,true,5583280,error,12788
item:,145.21.200.81,freq:,2899926,true,2887106,error,12820
item:,145.21.8.79,freq:,2322963,true,2321439,error,1524
item:,145.43.166.26,freq:,2673226,true,2664889,error,8337
item:,145.59.35.198,freq:,22659222,true,22652536,error,6686
item:,145.71.10.12,freq:,4397653,true,4395362,error,2291
item:,145.83.38.231,freq:,3359587,true,3345264,error,14323
item:,146.107.164.160,freq:,4866435,true,4862478,error,3957
item:,146.135.36.163,freq:,4109605,true,4103961,error,5644
item:,146.17.230.123,freq:,4824647,true,4823792,error,855
item:,146.181.45.1,freq:,4515667,true,4511277,error,4390
item:,146.185.19.25,freq:,4936821,true,4932830,error,3991
item:,146.195.2.189,freq:,189029008,true,189021391,error,7617
item:,146.222.146.12,freq:,2102024,true,2095777,error,6247
item:,146.28.203.44,freq:,13053728,true,13045679,error,8049
item:,146.54.239.224,freq:,3106453,true,3100368,error,6085
item:,149.165.241.68,freq:,2519686,true,2507086,error,12600
item:,149.201.40.123,freq:,21454467,true,21447269,error,7198
item:,149.222.76.10,freq:,5031418,true,5024381,error,7037
item:,149.227.8.215,freq:,4464036,true,4461479,error,2557
item:,149.234.15.41,freq:,9213324,true,9199390,error,13934
item:,149.237.38.75,freq:,6341809,true,6330616,error,11193
item:,149.73.94.56,freq:,3757984,true,3745272,error,12712
item:,149.8.244.248,freq:,2753188,true,2697912,error,55276
item:,149.97.52.40,freq:,5100098,true,5094999,error,5099
item:,15.118.4.126,freq:,2849673,true,2843253,error,6420
item:,15.123.60.29,freq:,2688738,true,2682864,error,5874
item:,15.156.100.122,freq:,2171815,true,2163452,error,8363
item:,15.88.66.148,freq:,2854310,true,2846925,error,7385
item:,15.95.62.75,freq:,1894221,true,1885458,error,8763
item:,150.10.47.54,freq:,2221453,true,2213915,error,7538
item:,150.115.11.157,freq:,3824111,true,3820464,error,3647
item:,150.155.141.81,freq:,5274642,true,5257774,error,16868
item:,150.221.212.135,freq:,1872253,true,1860760,error,11493
item:,150.239.142.210,freq:,123454639,true,123447255,error,7384
item:,150.96.248.49,freq:,2073213,true,2067520,error,5693
item:,151.113.63.176,freq:,5243536,true,5241827,error,1709
item:,151.173.239.234,freq:,2825651,true,2820405,error,5246
item:,151.216.239.227,freq:,6283134,true,6274004,error,9130
item:,151.51.108.6,freq:,1904276,true,1892879,error,11397
item:,152.105.18.149,freq:,2255838,true,2249963,error,5875
item:,152.187.136.108,freq:,1789436,true,1770925,error,18511
item:,152.28.213.10,freq:,3490990,true,3485419,error,5571
item:,153.104.151.6,freq:,6222969,true,6200257,error,22712
item:,153.141.152.232,freq:,2850501,true,2849194,error,1307
item:,153.241.183.118,freq:,2857856,true,2843880,error,13976
item:,154.119.151.98,freq:,36209695,true,36203391,error,6304
item:,154.148.138.86,freq:,2157488,true,2142821,error,14667
item:,155.111.92.85,freq:,38433388,true,38415854,error,17534
item:,155.117.220.80,freq:,2344350,true,2328118,error,16232
item:,155.209.92.96,freq:,3377281,true,3363272,error,14009
item:,155.22.92.189,freq:,2341335,true,2332539,error,8796
item:,155.37.188.195,freq:,10303091,true,10294186,error,8905
item:,155.42.83.42,freq:,6733381,true,6729285,error,4096
item:,155.67.75.242,freq:,5266768,true,5244143,error,22625
item:,155.79.187.161,freq:,2049900,true,2041491,error,8409
item:,156.151.162.213,freq:,2274732,true,2271154,error,3578
item:,156.167.237.103,freq:,2189343,true,2180055,error,9288
item:,156.198.189.156,freq:,12385451,true,12372898,error,12553
item:,156.250.173.227,freq:,3419067,true,3384658,error,34409
item:,157.134.219.57,freq:,2139107,true,2127176,error,11931
item:,157.175.151.102,freq:,6835159,true,6832262,error,2897
item:,157.198.138.200,freq:,4890054,true,4851215,error,38839
item:,157.245.1.192,freq:,101016202,true,101010003,error,6199
item:,157.27.119.45,freq:,2410832,true,2404650,error,6182
item:,159.108.69.118,freq:,10621812,true,10599934,error,21878
item:,159.136.183.8,freq:,9919417,true,9851805,error,67612
item:,159.149.188.108,freq:,20096825,true,20090545,error,6280
item:,159.154.44.101,freq:,3886823,true,3864975,error,21848
item:,159.175.197.35,freq:,22051923,true,22036891,error,15032
item:,159.180.76.230,freq:,3929376,true,3898776,error,30600
item:,159.183.150.64,freq:,2962577,true,2952200,error,10377
item:,159.238.119.69,freq:,2887750,true,2880520,error,7230
item:,159.240.12.139,freq:,2403806,true,2401232,error,2574
item:,159.240.57.44,freq:,3148582,true,3109113,error,39469
item:,159.40.54.52,freq:,3213583,true,3198847,error,14736
item:,159.71.120.83,freq:,4383166,true,4373784,error,9382
item:,159.77.251.116,freq:,1616892,true,1614387,error,2505
item:,159.88.133.239,freq:,5548817,true,5538858,error,9959
item:,159.88.177.181,freq:,20684213,true,20673714,error,10499
item:,159.93.160.105,freq:,6067922,true,6062488,error,5434
item:,159.94.25.66,freq:,1773864,true,1758977,error,14887
item:,16.114.89.112,freq:,32671162,true,32671054,error,108
item:,16.130.102.146,freq:,4610248,true,4600294,error,9954
item:,16.157.229.238,freq:,1951612,true,1938926,error,12686
item:,16.193.231.248,freq:,448195234,true,448193968,error,1266
item:,16.206.146.24,freq:,11130044,true,11118660,error,11384
item:,16.21.2.74,freq:,20886721,true,20877847,error,8874
item:,16.217.205.36,freq:,3422595,true,3406820,error,15775
item:,16.236.33.180,freq:,68956101,true,68950494,error,5607
item:,16.238.200.10,freq:,3274018,true,3247503,error,26515
item:,16.28.222.144,freq:,1688564,true,1678666,error,9898
item:,16.55.126.178,freq:,15619474,true,15610353,error,9121
item:,16.62.215.50,freq:,2691811,true,2688841,error,2970
item:,16.65.131.187,freq:,1905057,true,1889620,error,15437
item:,16.79.210.212,freq:,7474917,true,7460230,error,14687
item:,160.166.83.21,freq:,3268595,true,3249083,error,19512
item:,160.19.71.69,freq:,20685203,true,20678080,error,7123
item:,160.213.96.218,freq:,9703708,true,9675968,error,27740
item:,160.255.111.218,freq:,2327506,true,2322482,error,5024
item:,160.69.123.150,freq:,1998785581,true,1998783277,error,2304
item:,161.149.249.166,freq:,23724295,true,23714155,error,10140
item:,161.179.34.60,freq:,41742463,true,41737920,error,4543
item:,161.180.236.243,freq:,2832906,true,2829926,error,2980
item:,161.213.218.23,freq:,43127454,true,43117818,error,9636
item:,161.240.56.102,freq:,18180790,true,18176676,error,4114
item:,161.244.166.146,freq:,2055795,true,2038403,error,17392
item:,161.32.159.144,freq:,3272146,true,3257145,error,15001
item:,161.33.192.116,freq:,2832198,true,2827019,error,5179
item:,162.34.223.162,freq:,1831934,true,1823473,error,8461
item:,162.37.155.231,freq:,3148580,true,3145159,error,3421
item:,162.99.245.100,freq:,32600651,true,32594588,error,6063
item:,163.254.2.24,freq:,1900582,true,1888384,error,12198
item:,163.30.239.96,freq:,76656513,true,76645672,error,10841
item:,164.107.214.198,freq:,1694641,true,1677169,error,17472
item:,164.147.83.115,freq:,2506435,true,2489543,error,16892
item:,164.177.86.242,freq:,9556548,true,9550817,error,5731
item:,164.178.10.40,freq:,327907347,true,327894000,error,13347
item:,164.18.236.81,freq:,11017112,true,11009750,error,7362
item:,164.207.48.207,freq:,1725291,true,1721766,error,3525
item:,164.51.172.43,freq:,2065437,true,2053114,error,12323
item:,164.96.39.174,freq:,1650446,true,1646324,error,4122
item:,165.4.29.160,freq:,1580176278,true,1580155871,error,20407
item:,165.47.238.7,freq:,104006882,true,103998999,error,7883
item:,165.50.133.241,freq:,128638544,true,128633958,error,4586
item:,165.7.15.143,freq:,2058542,true,2037825,error,20717
item:,165.87.70.175,freq:,2319234,true,2314066,error,5168
item:,165.9.245.101,freq:,1993984,true,1982859,error,11125
item:,167.12.251.224,freq:,9775223,true,9751414,error,23809
item:,167.14.77.220,freq:,4301740,true,4293120,error,8620
item:,167.174.15.132,freq:,4890790,true,4874687,error,16103
item:,167.174.87.238,freq:,5791626,true,5778880,error,12746
item:,167.200.236.60,freq:,3544128,true,3536255,error,7873
item:,168.164.9.206,freq:,58711253,true,58704548,error,6705
item:,168.177.128.198,freq:,2675553,true,2666164,error,9389
item:,168.201.65.222,freq:,1915211,true,1896719,error,18492
item:,168.217.15.243,freq:,6395263,true,6376889,error,18374
item:,169.15.223.58,freq:,2151263,true,2150314,error,949
item:,169.150.150.135,freq:,1735994,true,1719534,error,16460
item:,169.151.141.43,freq:,2346348,true,2301949,error,44399
item:,169.154.162.74,freq:,3828555,true,3814771,error,13784
item:,169.186.93.105,freq:,15172603,true,15167839,error,4764
item:,169.207.218.211,freq:,3514790,true,3501197,error,13593
item:,169.213.80.174,freq:,13075061,true,13050810,error,24251
item:,169.222.83.185,freq:,88674523,true,88663751,error,10772
item:,169.39.21.17,freq:,2813490,true,2807784,error,5706
item:,169.99.127.236,freq:,2185978,true,2172795,error,13183
item:,170.126.81.59,freq:,3563252,true,3545496,error,17756
item:,170.22.24.189,freq:,4974470,true,4964919,error,9551
item:,170.25.137.209,freq:,2210369,true,2195677,error,14692
item:,170.32.238.158,freq:,55353803,true,55343983,error,9820
item:,170.33.84.176,freq:,1846484,true,1838954,error,7530
item:,170.39.170.166,freq:,3774518,true,3771213,error,3305
item:,170.57.96.190,freq:,29568866,true,29563411,error,5455
item:,170.7.202.136,freq:,1753025,true,1733502,error,19523
item:,170.74.66.219,freq:,2732033127,true,2732021968,error,11159
item:,170.9.209.186,freq:,2274870,true,2259253,error,15617
item:,170.91.212.133,freq:,3236586,true,3206251,error,30335
item:,170.95.131.133,freq:,2294408,true,2283356,error,11052
item:,170.95.17.140,freq:,1625881,true,1619434,error,6447
item:,172.25.139.118,freq:,28068364,true,28062529,error,5835
item:,172.26.25.46,freq:,3045259,true,3044936,error,323
item:,172.33.230.93,freq:,2499526,true,2493356,error,6170
item:,172.69.166.116,freq:,160233255,true,160217436,error,15819
item:,172.93.67.156,freq:,47635510,true,47604920,error,30590
item:,174.113.102.183,freq:,1656420,true,1652245,error,4175
item:,174.136.33.162,freq:,2746780,true,2715183,error,31597
item:,174.18.213.162,freq:,5379324,true,5355444,error,23880
item:,174.187.6.45,freq:,4058836,true,4047329,error,11507
item:,174.224.79.20,freq:,3645928,true,3634189,error,11739
item:,174.7.175.90,freq:,148413095,true,148404530,error,8565
item:,175.120.61.50,freq:,14171124,true,14167951,error,3173
item:,175.138.151.46,freq:,1748515,true,1743473,error,5042
item:,175.207.150.146,freq:,1785386,true,1777998,error,7388
item:,175.207.151.207,freq:,4687176,true,4669306,error,17870
item:,176.105.78.191,freq:,23972506,true,23962294,error,10212
item:,176.11.59.114,freq:,2166224,true,2152844,error,13380
item:,176.126.149.230,freq:,30563868,true,30550386,error,13482
item:,176.147.56.236,freq:,16157319,true,16153865,error,3454
item:,176.212.144.151,freq:,5391026,true,5368437,error,22589
item:,176.220.237.64,freq:,39324013,true,39317757,error,6256
item:,176.33.87.174,freq:,25092341,true,25076414,error,15927
item:,176.36.10.6,freq:,4081734,true,4077100,error,4634
item:,176.47.48.149,freq:,2279529,true,2272388,error,7141
item:,176.51.190.217,freq:,4648389,true,4643683,error,4706
item:,176.7.146.58,freq:,7157925,true,7155654,error,2271
item:,176.82.149.62,freq:,34026924,true,34017095,error,9829
item:,176.83.239.124,freq:,2099628,true,2094708,error,4920
item:,176.9.122.24,freq:,1676059,true,1666270,error,9789
item:,178.100.176.62,freq:,19272832,true,19258068,error,14764
item:,178.180.42.87,freq:,3536513,true,3526699,error,9814
item:,178.233.236.52,freq:,14024491,true,14010944,error,13547
item:,178.50.234.139,freq:,1611321,true,1610143,error,1178
item:,178.53.175.150,freq:,1610517,true,1604183,error,6334
item:,178.91.55.88,freq:,8017850,true,8011703,error,6147
item:,179.118.88.250,freq:,3197108,true,3194767,error,2341
item:,179.66.219.129,freq:,3704220,true,3692710,error,11510
item:,179.94.209.140,freq:,26246283,true,26232509,error,13774
item:,18.119.43.219,freq:,2482121,true,2475637,error,6484
item:,18.168.252.77,freq:,30395974,true,30388176,error,7798
item:,18.211.179.236,freq:,4686418,true,4675310,error,11108
item:,18.233.205.248,freq:,2797454,true,2769941,error,27513
item:,180.138.23.10,freq:,2993257,true,2987719,error,5538
item:,180.157.21.81,freq:,8633637,true,8623572,error,10065
item:,180.18.14.6,freq:,2438332,true,2431614,error,6718
item:,180.187.188.25,freq:,1881222,true,1877108,error,4114
item:,180.19.29.86,freq:,21743768,true,21693436,error,50332
item:,180.219.70.181,freq:,1892722,true,1887617,error,5105
item:,180.241.126.101,freq:,10339486,true,10333398,error,6088
item:,180.250.118.121,freq:,11907611,true,11903572,error,4039
item:,180.84.246.95,freq:,63193645,true,63170411,error,23234
item:,181.113.140.80,freq:,1783723,true,1773090,error,10633
item:,181.139.96.61,freq:,2581943,true,2577576,error,4367
item:,181.141.19.9,freq:,2003451,true,1987254,error,16197
item:,181.148.165.198,freq:,46616381,true,46606137,error,10244
item:,181.73.126.239,freq:,14059357,true,14048415,error,10942
item:,182.156.201.13,freq:,7335424,true,7321111,error,14313
item:,182.180.2.109,freq:,3051149,true,3035344,error,15805
item:,182.189.26.127,freq:,3452783,true,3437207,error,15576
item:,182.20.101.18,freq:,3263570,true,3245473,error,18097
item:,182.78.86.151,freq:,16103442,true,16092587,error,10855
item:,182.96.251.91,freq:,32588534,true,32571949,error,16585
item:,183.124.65.25,freq:,2458017,true,2428709,error,29308
item:,183.221.232.215,freq:,1755463,true,1739109,error,16354
item:,183.28.71.55,freq:,6348170,true,6335410,error,12760
item:,183.63.64.96,freq:,2944103,true,2932737,error,11366
item:,183.85.96.157,freq:,1683243,true,1633216,error,50027
item:,184.108.229.158,freq:,1963158,true,1953525,error,9633
item:,184.147.129.38,freq:,71434900,true,71423320,error,11580
item:,184.234.47.157,freq:,1667886,true,1653792,error,14094
item:,184.28.19.134,freq:,6697695,true,6577999,error,119696
item:,184.72.247.17,freq:,2331313,true,2311944,error,19369
item:,184.72.48.150,freq:,3144268,true,3139095,error,5173
item:,184.99.51.109,freq:,26559158,true,26557015,error,2143
item:,185.110.126.208,freq:,3292945,true,3289728,error,3217
item:,185.213.175.230,freq:,2311183,true,2301592,error,9591
item:,185.83.105.208,freq:,2552930,true,2546250,error,6680
item:,186.11.70.68,freq:,8720707,true,8715805,error,4902
item:,186.20.23.244,freq:,10606512,true,10600422,error,6090
item:,186.210.154.79,freq:,5131927,true,5125536,error,6391
item:,186.222.105.180,freq:,5056234,true,5052354,error,3880
item:,186.252.134.40,freq:,4217799,true,4209150,error,8649
item:,187.186.116.77,freq:,69381510,true,69376223,error,5287
item:,187.203.179.43,freq:,206779637,true,206751166,error,28471
item:,187.239.61.240,freq:,6506223,true,6442324,error,63899
item:,187.26.217.101,freq:,1627593,true,1615819,error,11774
item:,187.84.39.31,freq:,2289352,true,2274375,error,14977
item:,188.0.145.29,freq:,1863390,true,1847990,error,15400
item:,188.125.149.33,freq:,4136286,true,4130274,error,6012
item:,188.148.134.124,freq:,8901142,true,8885801,error,15341
item:,188.20.49.152,freq:,7635917,true,7591612,error,44305
item:,188.21.186.64,freq:,14190933,true,14178339,error,12594
item:,188.241.67.69,freq:,1792826,true,1789385,error,3441
item:,188.248.208.25,freq:,12034941,true,12018255,error,16686
item:,188.33.73.86,freq:,1648604,true,1633806,error,14798
item:,188.78.92.111,freq:,4840801,true,4815168,error,25633
item:,188.90.17.201,freq:,2346397,true,2337537,error,8860
item:,19.114.187.225,freq:,5153583,true,5135214,error,18369
item:,19.136.202.82,freq:,29916039,true,29893083,error,22956
item:,19.188.87.73,freq:,14947864,true,14918501,error,29363
item:,190.250.183.245,freq:,2371414,true,2369063,error,2351
item:,190.78.105.204,freq:,4377954,true,4367588,error,10366
item:,191.120.224.201,freq:,2219232,true,2198109,error,21123
item:,191.121.179.253,freq:,2262916,true,2248309,error,14607
item:,191.192.180.14,freq:,13877338,true,13870103,error,7235
item:,191.195.122.198,freq:,1826854,true,1813042,error,13812
item:,191.20.162.131,freq:,13344308,true,13334256,error,10052
item:,191.20.244.208,freq:,4770006,true,4758937,error,11069
item:,191.204.7.73,freq:,2469753,true,2455695,error,14058
item:,191.242.248.246,freq:,7077285,true,7073708,error,3577
item:,191.86.249.252,freq:,5514747,true,5499682,error,15065
item:,191.89.156.255,freq:,1734729,true,1716506,error,18223
item:,192.130.89.159,freq:,10342091,true,10329820,error,12271
item:,192.181.188.193,freq:,10880412,true,10867107,error,13305
item:,192.185.168.188,freq:,2164524,true,2158834,error,5690
item:,192.215.184.159,freq:,1617592,true,1602954,error,14638
item:,192.73.150.215,freq:,14761649,true,14747879,error,13770
item:,192.77.29.245,freq:,4055998,true,4046343,error,9655
item:,192.80.89.32,freq:,1720189,true,1712172,error,8017
item:,192.85.218.199,freq:,2204425,true,2195844,error,8581
item:,193.104.198.37,freq:,2428437,true,2422429,error,6008
item:,193.167.253.76,freq:,2101198,true,2082803,error,18395
item:,193.192.202.136,freq:,3667319,true,3663987,error,3332
item:,193.77.47.97,freq:,2940522,true,2936363,error,4159
item:,194.11.87.143,freq:,8995773,true,8985657,error,10116
item:,194.132.3.165,freq:,5628035,true,5622472,error,5563
item:,194.168.204.144,freq:,5075410,true,5069080,error,6330
item:,194.177.147.4,freq:,7531761,true,7523548,error,8213
item:,194.182.161.121,freq:,9663931,true,9660255,error,3676
item:,194.214.204.156,freq:,3358486,true,3349869,error,8617
item:,194.60.42.225,freq:,4398411,true,4371061,error,27350
item:,195.101.58.190,freq:,1863803,true,1853388,error,10415
item:,195.204.162.94,freq:,125309869,true,125298350,error,11519
item:,195.34.9.254,freq:,26050156,true,26042193,error,7963
item:,195.48.193.133,freq:,9420867,true,9350172,error,70695
item:,195.83.107.247,freq:,3071667,true,3068984,error,2683
item:,197.132.30.193,freq:,6813394,true,6786098,error,27296
item:,197.149.253.190,freq:,43908558,true,43906045,error,2513
item:,197.219.155.59,freq:,3079267,true,3053728,error,25539
item:,197.221.230.112,freq:,4681843,true,4670873,error,10970
item:,198.111.230.36,freq:,5720906,true,5705696,error,15210
item:,198.113.60.255,freq:,2255207,true,2240478,error,14729
item:,198.126.154.120,freq:,2011262,true,1991648,error,19614
item:,198.126.236.88,freq:,4926117,true,4920313,error,5804
item:,198.138.123.216,freq:,11902777,true,11889328,error,13449
item:,198.160.67.184,freq:,5409632,true,5399134,error,10498
item:,198.165.237.205,freq:,21590528,true,21581803,error,8725
item:,198.2.44.245,freq:,1719417,true,1708367,error,11050
item:,198.237.20.219,freq:,3546018,true,3518588,error,27430
item:,198.245.227.247,freq:,17476722,true,17402879,error,73843
item:,198.26.2.97,freq:,22001011,true,21988248,error,12763
item:,198.68.128.241,freq:,1767264,true,1725127,error,42137
item:,198.73.20.42,freq:,9029108,true,9017515,error,11593
item:,2.108.239.235,freq:,8550260,true,8542269,error,7991
item:,2.180.145.106,freq:,1941065,true,1935901,error,5164
item:,2.195.183.135,freq:,64107868,true,64095558,error,12310
item:,2.222.177.130,freq:,2563161,true,2548148,error,15013
item:,2.61.164.141,freq:,36130560,true,36118559,error,12001
item:,20.166.118.42,freq:,2469425,true,2460724,error,8701
item:,20.228.230.199,freq:,5167480,true,5165014,error,2466
item:,20.252.86.157,freq:,6457076,true,6406376,error,50700
item:,20.76.208.201,freq:,17524056,true,17501535,error,22521
item:,200.106.163.150,freq:,59566031,true,59525041,error,40990
item:,200.15.73.46,freq:,14403034,true,14387307,error,15727
item:,200.158.174.246,freq:,1678933,true,1661674,error,17259
item:,200.160.33.204,freq:,4380291,true,4364707,error,15584
item:,200.161.121.10,freq:,3439569,true,3422249,error,17320
item:,200.191.46.28,freq:,2012763,true,1998380,error,14383
item:,200.221.152.247,freq:,46808452,true,46806146,error,2306
item:,200.233.14.94,freq:,78286116,true,78283522,error,2594
item:,200.252.108.129,freq:,3046161,true,3040795,error,5366
item:,200.76.197.55,freq:,14360282,true,14351495,error,8787
item:,200.89.33.202,freq:,17194555,true,17186238,error,8317
item:,203.104.73.191,freq:,5658780,true,5649469,error,9311
item:,203.117.65.74,freq:,3403218,true,3396391,error,6827
item:,203.133.64.15,freq:,2599341,true,2594081,error,5260
item:,203.185.129.250,freq:,1636543,true,1625279,error,11264
item:,203.210.137.117,freq:,6538645,true,6530646,error,7999
item:,203.23.20.35,freq:,4621936,true,4617956,error,3980
item:,204.147.119.78,freq:,3746393,true,3742182,error,4211
item:,204.18.29.204,freq:,1609751,true,1602720,error,7031
item:,204.203.63.3,freq:,3161107,true,3139706,error,21401
item:,204.218.157.115,freq:,3982353,true,3978269,error,4084
item:,204.23.9.48,freq:,8269431,true,8259836,error,9595
item:,204.230.50.136,freq:,1954723,true,1944682,error,10041
item:,204.27.14.102,freq:,6948105,true,6937396,error,10709
item:,204.82.11.209,freq:,2244277,true,2219817,error,24460
item:,205.179.238.193,freq:,4498957,true,4496557,error,2400
item:,205.31.229.146,freq:,2813020,true,2796413,error,16607
item:,205.50.129.194,freq:,2097544,true,2079561,error,17983
item:,205.71.26.93,freq:,2465664,true,2455436,error,10228
item:,206.100.227.31,freq:,4154068,true,4134768,error,19300
item:,206.108.156.176,freq:,2726510,true,2701119,error,25391
item:,206.221.244.21,freq:,57984502,true,57976308,error,8194
item:,206.221.85.201,freq:,2005474,true,1943781,error,61693
item:,206.241.212.105,freq:,47297846,true,47281607,error,16239
item:,206.65.30.164,freq:,4800409,true,4794516,error,5893
item:,206.88.140.112,freq:,1876224,true,1865577,error,10647
item:,207.190.82.28,freq:,34501313,true,34492955,error,8358
item:,207.72.144.240,freq:,3886790,true,3876671,error,10119
item:,208.100.100.161,freq:,2056150,true,2027361,error,28789
item:,208.110.180.45,freq:,16762480,true,16756421,error,6059
item:,208.136.45.49,freq:,161311853,true,161306732,error,5121
item:,208.150.168.174,freq:,1701664,true,1693799,error,7865
item:,208.159.211.223,freq:,17242142,true,17229963,error,12179
item:,208.166.210.66,freq:,2273900,true,2271654,error,2246
item:,208.231.145.123,freq:,41892017,true,41880521,error,11496
item:,208.240.149.74,freq:,3445204,true,3434795,error,10409
item:,208.62.169.29,freq:,2163997,true,2150811,error,13186
item:,208.82.111.126,freq:,2624012,true,2619454,error,4558
item:,21.125.149.34,freq:,24785746,true,24777843,error,7903
item:,21.186.123.216,freq:,12137679,true,12115186,error,22493
item:,21.208.155.220,freq:,2594123,true,2578760,error,15363
item:,21.240.245.84,freq:,6255213,true,6248906,error,6307
item:,211.113.77.204,freq:,17527398,true,17525343,error,2055
item:,211.135.209.184,freq:,13567104,true,13561026,error,6078
item:,211.143.121.66,freq:,17868267,true,17842133,error,26134
item:,211.170.108.182,freq:,39141299,true,39130045,error,11254
item:,211.201.248.150,freq:,1727877,true,1722447,error,5430
item:,211.21.14.248,freq:,106792078,true,106778819,error,13259
item:,211.228.247.141,freq:,39148844,true,39145469,error,3375
item:,211.25.118.163,freq:,1929346,true,1922632,error,6714
item:,211.29.248.58,freq:,16767122,true,16722581,error,44541
item:,212.44.208.26,freq:,50374612,true,50354060,error,20552
item:,212.78.3.225,freq:,3590314,true,3580406,error,9908
item:,213.106.118.254,freq:,15353860,true,15343679,error,10181
item:,213.111.205.214,freq:,3472428,true,3468438,error,3990
item:,213.117.84.232,freq:,138514174,true,138499316,error,14858
item:,213.190.200.232,freq:,20496857,true,20491081,error,5776
item:,213.198.106.9,freq:,13201942,true,13196666,error,5276
item:,213.20.119.22,freq:,13780660,true,13770594,error,10066
item:,213.227.222.213,freq:,1809160,true,1803686,error,5474
item:,213.29.91.96,freq:,4793166,true,4778973,error,14193
item:,213.47.159.29,freq:,7195582,true,7164269,error,31313
item:,213.5.125.185,freq:,7221403,true,7185729,error,35674
item:,214.137.38.240,freq:,14374307,true,14372378,error,1929
item:,214.255.249.133,freq:,36093510,true,36081129,error,12381
item:,214.5.128.68,freq:,3658293,true,3651324,error,6969
item:,214.52.100.10,freq:,1783899,true,1775281,error,8618
item:,214.96.0.196,freq:,2403524,true,2394178,error,9346
item:,215.116.17.243,freq:,1691596,true,1686309,error,5287
item:,215.149.231.46,freq:,2138244,true,2135324,error,2920
item:,216.103.63.35,freq:,2606060,true,2602735,error,3325
item:,216.110.244.152,freq:,3222914,true,3217876,error,5038
item:,216.117.110.132,freq:,8993996,true,8989404,error,4592
item:,216.207.185.112,freq:,10948881,true,10940016,error,8865
item:,216.222.229.19,freq:,4246658,true,4240402,error,6256
item:,216.229.68.193,freq:,2167337,true,2153310,error,14027
item:,216.250.163.28,freq:,1931034,true,1916483,error,14551
item:,216.50.219.14,freq:,3589817,true,3585094,error,4723
item:,216.65.73.193,freq:,29587653,true,29556913,error,30740
item:,216.78.174.23,freq:,1840943,true,1802638,error,38305
item:,218.111.250.51,freq:,10735401,true,10723036,error,12365
item:,218.121.202.245,freq:,2104042,true,2094037,error,10005
item:,218.13.76.38,freq:,2459253,true,2458207,error,1046
item:,218.20.15.114,freq:,2864925,true,2858836,error,6089
item:,218.24.200.116,freq:,3130542,true,3118004,error,12538
item:,218.31.209.23,freq:,6424745,true,6416342,error,8403
item:,218.4.82.208,freq:,2793787,true,2766651,error,27136
item:,218.4.9.83,freq:,68833986,true,68814769,error,19217
item:,218.56.233.118,freq:,48080581,true,48068856,error,11725
item:,218.72.87.230,freq:,3295831,true,3293436,error,2395
item:,218.73.94.31,freq:,1756322,true,1744188,error,12134
item:,218.9.133.88,freq:,1693828,true,1657677,error,36151
item:,218.98.83.76,freq:,2035815,true,2023560,error,12255
item:,220.168.176.111,freq:,83135005,true,83074241,error,60764
item:,220.175.141.170,freq:,15236001,true,15224252,error,11749
item:,220.188.191.54,freq:,1951322,true,1937673,error,13649
item:,220.19.44.68,freq:,32558979,true,32534182,error,24797
item:,220.34.52.139,freq:,1683428,true,1668351,error,15077
item:,221.198.8.200,freq:,4649812,true,4644842,error,4970
item:,221.254.62.231,freq:,1966006,true,1949028,error,16978
item:,222.157.158.41,freq:,3109477,true,3105430,error,4047
item:,222.16.15.11,freq:,17974344,true,17957756,error,16588
item:,222.196.148.206,freq:,4715429,true,4710469,error,4960
item:,222.202.43.6,freq:,2796931,true,2786728,error,10203
item:,222.207.82.18,freq:,2522372,true,2507871,error,14501
item:,222.36.99.34,freq:,6968536,true,6961185,error,7351
item:,222.39.118.146,freq:,1844434,true,1843107,error,1327
item:,222.45.162.51,freq:,4363572,true,4354442,error,9130
item:,222.6.57.111,freq:,8226518,true,8223498,error,3020
item:,223.11.50.110,freq:,17751971,true,17743365,error,8606
item:,223.160.82.88,freq:,3257720,true,3248883,error,8837
item:,223.243.244.107,freq:,2200674,true,2197072,error,3602
item:,223.255.193.110,freq:,2079222,true,2077506,error,1716
item:,223.32.12.236,freq:,5409287,true,5399518,error,9769
item:,223.72.57.200,freq:,4619742,true,4611711,error,8031
item:,224.140.207.210,freq:,2015000,true,2005010,error,9990
item:,224.159.243.142,freq:,1655108,true,1641724,error,13384
item:,224.225.38.193,freq:,2510972,true,2506614,error,4358
item:,224.236.130.245,freq:,5598301,true,5591167,error,7134
item:,225.201.107.214,freq:,3408871,true,3404692,error,4179
item:,225.57.66.239,freq:,2433295,true,2420280,error,13015
item:,225.61.34.78,freq:,2987002,true,2963889,error,23113
item:,226.195.164.93,freq:,4654248,true,4640154,error,14094
item:,226.232.121.19,freq:,2470772,true,2444778,error,25994
item:,227.112.70.250,freq:,4670677,true,4657344,error,13333
item:,227.149.220.226,freq:,2337891,true,2331200,error,6691
item:,227.27.47.169,freq:,3844272,true,3788929,error,55343
item:,227.78.63.158,freq:,57533742,true,57521098,error,12644
item:,228.100.162.71,freq:,4631685,true,4620652,error,11033
item:,228.108.182.255,freq:,4769619,true,4749372,error,20247
item:,228.196.249.156,freq:,19778597,true,19740731,error,37866
item:,228.236.155.9,freq:,43646395,true,43630326,error,16069
item:,228.4.138.173,freq:,2492503,true,2490319,error,2184
item:,228.84.65.240,freq:,1721867,true,1711439,error,10428
item:,229.110.188.86,freq:,3737001,true,3735568,error,1433
item:,229.12.163.93,freq:,2274408,true,2236516,error,37892
item:,229.218.214.25,freq:,11662090,true,11658223,error,3867
item:,229.23.19.52,freq:,1920721,true,1909958,error,10763
item:,229.26.105.69,freq:,1710418,true,1708097,error,2321
item:,229.65.232.84,freq:,1997903,true,1996182,error,1721
item:,23.147.70.171,freq:,50090938,true,50061849,error,29089
item:,23.149.35.203,freq:,4219398,true,4215320,error,4078
item:,23.169.242.58,freq:,1828217,true,1783217,error,45000
item:,23.201.173.238,freq:,3350846,true,3349100,error,1746
item:,23.229.62.178,freq:,4732842,true,4726754,error,6088
item:,23.239.188.207,freq:,1961460,true,1954437,error,7023
item:,231.0.9.17,freq:,28178383,true,28159567,error,18816
item:,231.125.66.37,freq:,1935008,true,1925115,error,9893
item:,231.172.5.126,freq:,3208928,true,3205440,error,3488
item:,231.241.72.183,freq:,1798188,true,1789563,error,8625
item:,231.34.144.145,freq:,53669191,true,53656761,error,12430
item:,231.4.65.229,freq:,2746284,true,2735395,error,10889
item:,231.89.52.99,freq:,2588342,true,2575176,error,13166
item:,233.128.44.98,freq:,2621263,true,2607950,error,13313
item:,233.138.232.39,freq:,3479515,true,3469256,error,10259
item:,233.144.153.146,freq:,52628892,true,52589597,error,39295
item:,233.156.17.27,freq:,19968604,true,19952556,error,16048
item:,233.191.25.92,freq:,3317134,true,3301143,error,15991
item:,233.199.142.78,freq:,2049213,true,2043321,error,5892
item:,233.21.44.154,freq:,4340393,true,4330068,error,10325
item:,233.210.89.60,freq:,6036430,true,6027315,error,9115
item:,233.213.17.62,freq:,2191975,true,2179724,error,12251
item:,233.240.251.227,freq:,44016894,true,43993713,error,23181
item:,233.247.105.251,freq:,8766887,true,8763623,error,3264
item:,233.33.19.43,freq:,22334026,true,22320523,error,13503
item:,233.48.176.92,freq:,2009401,true,1998996,error,10405
item:,233.48.36.127,freq:,2119734,true,2111516,error,8218
item:,233.65.147.46,freq:,2394215,true,2382206,error,12009
item:,233.76.66.199,freq:,3000650,true,2999103,error,1547
item:,233.81.161.215,freq:,2561888,true,2547886,error,14002
item:,233.83.200.40,freq:,7800261,true,7793771,error,6490
item:,234.100.69.138,freq:,3437888,true,1620546,error,1.81734e+06
item:,234.159.237.79,freq:,3475883,true,3464978,error,10905
item:,234.197.48.245,freq:,3437888,true,1809882,error,1.62801e+06
item:,234.2.34.132,freq:,2993961,true,2968055,error,25906
item:,234.225.90.250,freq:,6685485,true,6676014,error,9471
item:,234.236.179.25,freq:,221999582,true,221994843,error,4739
item:,234.7.171.29,freq:,3267175,true,3258346,error,8829
item:,235.132.156.220,freq:,1758511,true,1738585,error,19926
item:,235.247.24.228,freq:,19324783,true,19311687,error,13096
item:,235.54.219.136,freq:,3164978,true,3144164,error,20814
item:,235.76.30.59,freq:,3289198,true,3264030,error,25168
item:,235.79.175.187,freq:,11899588,true,11888298,error,11290
item:,237.0.7.198,freq:,2721523,true,2710551,error,10972
item:,237.1.64.49,freq:,10409488,true,10403389,error,6099
item:,237.114.218.10,freq:,1755538,true,1752144,error,3394
item:,237.128.239.64,freq:,5743488,true,5732440,error,11048
item:,237.135.102.82,freq:,2617936,true,2595930,error,22006
item:,237.144.215.148,freq:,1658499,true,1648332,error,10167
item:,237.172.91.49,freq:,2611455,true,2595521,error,15934
item:,237.192.31.33,freq:,2127798,true,2123156,error,4642
item:,237.197.90.12,freq:,42225638,true,42220827,error,4811
item:,237.243.59.8,freq:,16282435,true,16277465,error,4970
item:,237.247.53.22,freq:,4039261,true,4034288,error,4973
item:,237.80.2.60,freq:,6130098,true,6111362,error,18736
item:,237.81.161.190,freq:,2239422,true,2235954,error,3468
item:,238.130.243.41,freq:,3293285,true,3286800,error,6485
item:,238.133.113.205,freq:,46561055,true,46547402,error,13653
item:,238.212.246.58,freq:,3524750,true,3519747,error,5003
item:,238.28.18.85,freq:,6104924,true,6083112,error,21812
item:,238.34.104.40,freq:,56590255,true,56567339,error,22916
item:,238.8.157.115,freq:,4121177,true,4110086,error,11091
item:,238.95.180.195,freq:,33316769,true,33307821,error,8948
item:,239.108.222.163,freq:,160572393,true,160568558,error,3835
item:,239.117.208.131,freq:,33266982,true,33254756,error,12226
item:,239.120.103.84,freq:,48171209,true,48166700,error,4509
item:,239.149.94.177,freq:,1612286,true,1601149,error,11137
item:,239.188.117.130,freq:,9153008,true,9142019,error,10989
item:,239.229.14.65,freq:,12929811,true,12923419,error,6392
item:,239.240.134.222,freq:,3235357,true,3229147,error,6210
item:,239.25.188.239,freq:,1755284,true,1742602,error,12682
item:,239.33.137.180,freq:,4992673,true,4987853,error,4820
item:,24.13.109.217,freq:,80572348,true,80561138,error,11210
item:,24.15.155.120,freq:,7850414,true,7846841,error,3573
item:,24.42.76.221,freq:,23757492,true,23726390,error,31102
item:,24.64.149.107,freq:,2482142515,true,2482113403,error,29112
item:,24.65.26.42,freq:,2959715,true,2846319,error,113396
item:,24.65.83.163,freq:,9282444,true,9276747,error,5697
item:,24.9.46.56,freq:,7238312,true,7222788,error,15524
item:,240.137.245.29,freq:,8278542,true,8259204,error,19338
item:,240.156.145.218,freq:,4974178,true,4970998,error,3180
item:,240.189.13.194,freq:,2178480,true,2172214,error,6266
item:,240.189.142.133,freq:,26226624,true,26218761,error,7863
item:,240.209.30.183,freq:,5069271,true,5059486,error,9785
item:,240.211.112.25,freq:,1899031,true,1883830,error,15201
item:,240.211.64.102,freq:,73979738,true,73975880,error,3858
item:,240.24.80.148,freq:,67408085,true,67391082,error,17003
item:,240.253.182.123,freq:,1945526,true,1926913,error,18613
item:,240.49.1.132,freq:,25744436,true,25738877,error,5559
item:,240.68.16.208,freq:,3868008,true,3855793,error,12215
item:,240.69.234.226,freq:,42619996,true,42619693,error,303
item:,242.104.132.39,freq:,26236822,true,26231362,error,5460
item:,242.105.48.154,freq:,7990934,true,7981507,error,9427
item:,242.19.121.41,freq:,12333385,true,12323276,error,10109
item:,242.19.87.74,freq:,3715851,true,3687428,error,28423
item:,242.190.45.27,freq:,7289934,true,7277881,error,12053
item:,242.201.170.235,freq:,2947131,true,2947131,error,0
item:,242.202.17.156,freq:,6004915,true,5995453,error,9462
item:,242.235.253.247,freq:,5120722,true,5115242,error,5480
item:,242.247.77.46,freq:,1978370,true,1953460,error,24910
item:,242.25.242.174,freq:,6102308,true,6093682,error,8626
item:,242.254.242.141,freq:,2136926,true,2128383,error,8543
item:,242.35.78.94,freq:,3329242,true,3313643,error,15599
item:,242.38.104.23,freq:,1936892,true,1923698,error,13194
item:,242.65.151.19,freq:,9705042,true,9695436,error,9606
item:,245.148.67.57,freq:,7872381,true,7871282,error,1099
item:,245.149.165.151,freq:,2317918,true,2285637,error,32281
item:,245.154.245.152,freq:,49612236,true,49589099,error,23137
item:,245.172.228.78,freq:,1911511,true,1906284,error,5227
item:,245.182.153.132,freq:,6538993,true,6527955,error,11038
item:,245.234.103.77,freq:,2894731,true,2881810,error,12921
item:,245.25.205.166,freq:,1769169,true,1748232,error,20937
item:,245.36.174.210,freq:,31058271,true,31055593,error,2678
item:,245.59.71.238,freq:,4043552,true,4033980,error,9572
item:,245.79.227.120,freq:,15477096,true,15471612,error,5484
item:,245.8.230.84,freq:,2894517,true,2876339,error,18178
item:,245.94.146.15,freq:,3628408,true,3608801,error,19607
item:,246.201.123.234,freq:,48758674,true,48741642,error,17032
item:,246.247.199.168,freq:,13802245,true,13795219,error,7026
item:,246.75.55.14,freq:,2283474,true,2270944,error,12530
item:,246.98.103.181,freq:,1797605,true,1789551,error,8054
item:,247.127.200.72,freq:,4464742,true,4459448,error,5294
item:,247.161.118.246,freq:,205781106,true,205772448,error,8658
item:,247.200.209.164,freq:,6189408,true,6171615,error,17793
item:,247.200.84.145,freq:,6006003,true,5994688,error,11315
item:,247.215.197.147,freq:,7191281,true,7182694,error,8587
item:,247.251.160.67,freq:,2390336,true,2375366,error,14970
item:,247.6.161.36,freq:,2097665,true,2087784,error,9881
item:,248.133.32.178,freq:,8701133,true,8695004,error,6129
item:,248.143.189.35,freq:,3083683,true,3077190,error,6493
item:,248.184.138.29,freq:,2233119,true,2225553,error,7566
item:,248.43.106.15,freq:,4319284,true,4313075,error,6209
item:,248.67.223.59,freq:,3654457,true,3608230,error,46227
item:,249.177.58.73,freq:,28775064,true,28759137,error,15927
item:,249.196.151.244,freq:,198932019,true,198918348,error,13671
item:,249.238.222.230,freq:,28779167,true,28775597,error,3570
item:,249.83.247.7,freq:,8901200,true,8897139,error,4061
item:,250.171.222.19,freq:,3393577,true,3382848,error,10729
item:,250.4.91.179,freq:,8135746,true,8123785,error,11961
item:,250.43.48.87,freq:,6598492,true,6595971,error,2521
item:,250.54.246.217,freq:,96832391,true,96821428,error,10963
item:,250.78.211.26,freq:,11066422,true,11060365,error,6057
item:,250.93.181.254,freq:,10678721,true,10668132,error,10589
item:,252.108.77.73,freq:,2312504,true,2302713,error,9791
item:,252.171.117.23,freq:,61847721,true,61825459,error,22262
item:,252.189.61.227,freq:,50070660,true,50058273,error,12387
item:,253.210.14.132,freq:,111668131,true,111661326,error,6805
item:,253.242.240.172,freq:,3977105,true,3970249,error,6856
item:,253.250.229.101,freq:,2178883,true,2177865,error,1018
item:,253.72.35.175,freq:,20077673,true,20069490,error,8183
item:,255.134.25.47,freq:,2822188,true,2814247,error,7941
item:,255.150.67.50,freq:,2073793,true,2057452,error,16341
item:,27.106.18.74,freq:,1789571,true,1749138,error,40433
item:,27.117.134.51,freq:,28659671,true,28645149,error,14522
item:,27.127.86.57,freq:,4165366,true,4158648,error,6718
item:,27.28.220.115,freq:,64797777,true,64789520,error,8257
item:,27.33.12.20,freq:,4137077,true,4117352,error,19725
item:,27.52.7.62,freq:,5686439,true,5652555,error,33884
item:,27.61.44.176,freq:,27223088,true,27212436,error,10652
item:,27.62.135.250,freq:,71657160,true,71647860,error,9300
item:,27.95.76.86,freq:,1784996,true,1775889,error,9107
item:,28.110.171.79,freq:,2543856,true,2534254,error,9602
item:,28.110.62.39,freq:,15821600,true,15818489,error,3111
item:,28.168.244.35,freq:,1953820,true,1945985,error,7835
item:,28.179.255.28,freq:,2104803,true,2102698,error,2105
item:,28.181.119.159,freq:,13550728,true,13537842,error,12886
item:,28.222.205.236,freq:,16663030,true,16655695,error,7335
item:,28.26.200.227,freq:,5526094,true,5520129,error,5965
item:,29.103.32.196,freq:,6523527,true,6513677,error,9850
item:,29.135.12.120,freq:,4436980,true,4431096,error,5884
item:,29.155.212.221,freq:,5093527,true,5062476,error,31051
item:,29.222.173.30,freq:,23996525,true,23992186,error,4339
item:,29.227.185.65,freq:,2879378,true,2866506,error,12872
item:,29.71.34.187,freq:,13492012,true,13485420,error,6592
item:,3.128.92.237,freq:,2545245,true,2535107,error,10138
item:,3.141.107.71,freq:,3282471,true,3255406,error,27065
item:,3.199.148.55,freq:,1674663,true,1661918,error,12745
item:,3.216.57.84,freq:,3887691,true,3875480,error,12211
item:,3.22.244.46,freq:,5342866,true,5338648,error,4218
item:,3.46.44.166,freq:,1731390,true,1719756,error,11634
item:,30.221.21.105,freq:,9504675,true,9495709,error,8966
item:,30.41.207.201,freq:,2634833,true,2614105,error,20728
item:,31.171.236.162,freq:,31767005,true,31746763,error,20242
item:,31.221.125.64,freq:,8513275,true,8509919,error,3356
item:,31.7.103.163,freq:,4227869,true,4220496,error,7373
item:,32.102.251.151,freq:,2505098,true,2468892,error,36206
item:,32.11.85.247,freq:,7752545,true,7733791,error,18754
item:,32.116.238.23,freq:,2426121,true,2420280,error,5841
item:,32.34.21.28,freq:,2342320,true,2329566,error,12754
item:,32.36.116.193,freq:,16648222,true,16639746,error,8476
item:,32.6.11.23,freq:,12349362,true,12334740,error,14622
item:,32.66.18.199,freq:,2003792,true,1996236,error,7556
item:,33.165.23.129,freq:,26318259,true,26306831,error,11428
item:,33.210.13.254,freq:,2629698,true,2626934,error,2764
item:,33.218.190.195,freq:,157458762,true,157453335,error,5427
item:,35.103.119.201,freq:,1664291,true,1648984,error,15307
item:,35.111.192.28,freq:,6031108,true,6018758,error,12350
item:,35.122.83.251,freq:,42407838,true,42389850,error,17988
item:,35.126.22.208,freq:,1685136,true,1672376,error,12760
item:,35.146.0.250,freq:,2394121,true,2375638,error,18483
item:,35.160.212.254,freq:,1723511,true,1700973,error,22538
item:,35.178.58.58,freq:,1715558,true,1691296,error,24262
item:,35.202.215.155,freq:,2238514,true,2224390,error,14124
item:,35.4.236.85,freq:,5662554,true,5651336,error,11218
item:,35.55.222.163,freq:,1856722,true,1835995,error,20727
item:,36.110.152.216,freq:,20369792,true,20361109,error,8683
item:,36.117.221.205,freq:,11987100,true,11967224,error,19876
item:,36.161.242.105,freq:,2342066,true,2332950,error,9116
item:,36.19.208.32,freq:,1958221,true,1953426,error,4795
item:,36.203.89.27,freq:,4501239,true,4492403,error,8836
item:,36.21.236.97,freq:,5626967,true,5604857,error,22110
item:,36.214.17.152,freq:,22894668,true,22887506,error,7162
item:,36.225.33.72,freq:,2342279,true,2334587,error,7692
item:,36.67.218.92,freq:,4107582,true,4098995,error,8587
item:,36.88.99.241,freq:,8819572,true,8782905,error,36667
item:,39.130.75.29,freq:,1647990,true,1640598,error,7392
item:,39.148.144.15,freq:,2550179,true,2537886,error,12293
item:,39.188.116.138,freq:,10796433,true,10787868,error,8565
item:,39.200.255.93,freq:,22966377,true,22960274,error,6103
item:,39.202.234.37,freq:,7069448,true,7059764,error,9684
item:,39.216.220.184,freq:,1692604,true,1684320,error,8284
item:,39.29.231.228,freq:,36744434,true,36735737,error,8697
item:,39.34.158.6,freq:,1962802,true,1956966,error,5836
item:,39.77.18.193,freq:,24079599,true,24074558,error,5041
item:,4.130.194.73,freq:,9103419,true,9098087,error,5332
item:,4.160.41.224,freq:,7556317,true,7358459,error,197858
item:,4.164.182.221,freq:,17317859,true,17290730,error,27129
item:,4.21.124.98,freq:,5220377,true,5209917,error,10460
item:,4.254.200.3,freq:,2386793,true,2378117,error,8676
item:,4.65.121.138,freq:,2583485,true,2578853,error,4632
item:,4.98.53.149,freq:,41890674,true,41886467,error,4207
item:,40.112.194.34,freq:,1906481,true,1903485,error,2996
item:,40.141.209.112,freq:,4539921,true,4517790,error,22131
item:,40.157.248.9,freq:,1936162,true,1899948,error,36214
item:,40.183.19.15,freq:,4860052,true,4851743,error,8309
item:,40.183.39.91,freq:,2045828,true,2038272,error,7556
item:,40.209.200.151,freq:,42990899,true,42985756,error,5143
item:,40.239.90.63,freq:,3410812,true,3400665,error,10147
item:,40.246.118.222,freq:,3641779,true,3627537,error,14242
item:,40.84.243.139,freq:,9029762,true,9019032,error,10730
item:,40.98.82.36,freq:,4422581,true,4410175,error,12406
item:,42.100.66.50,freq:,14154313,true,14148336,error,5977
item:,42.101.133.139,freq:,1671612,true,1644630,error,26982
item:,42.109.70.189,freq:,1624252,true,1618200,error,6052
item:,42.134.67.158,freq:,2110834,true,2092161,error,18673
item:,42.160.1.30,freq:,29474232,true,29449690,error,24542
item:,42.168.117.159,freq:,2222654,true,2209035,error,13619
item:,42.176.169.107,freq:,6977994,true,6971976,error,6018
item:,42.202.201.114,freq:,12173644,true,12165807,error,7837
item:,42.211.124.244,freq:,1792305,true,1774636,error,17669
item:,42.251.233.19,freq:,28924151,true,28897811,error,26340
item:,42.50.173.38,freq:,15198143,true,15193871,error,4272
item:,42.57.214.156,freq:,5927550,true,5904842,error,22708
item:,42.83.15.129,freq:,3108066,true,3096055,error,12011
item:,42.97.224.1,freq:,3147128,true,3140659,error,6469
item:,45.105.138.246,freq:,5236234,true,5228850,error,7384
item:,45.188.197.232,freq:,23715557,true,23698477,error,17080
item:,45.213.204.150,freq:,2400150,true,2383379,error,16771
item:,45.226.4.251,freq:,2292440,true,2284766,error,7674
item:,45.227.117.225,freq:,2641026,true,2637311,error,3715
item:,45.228.89.45,freq:,44126127,true,44105845,error,20282
item:,45.238.253.205,freq:,3935517,true,3930697,error,4820
item:,45.27.223.201,freq:,12851145,true,12844406,error,6739
item:,45.30.12.153,freq:,21974340,true,21952493,error,21847
item:,45.46.95.103,freq:,2234235,true,2211683,error,22552
item:,45.98.237.212,freq:,11502963,true,11495661,error,7302
item:,46.124.204.202,freq:,7525917,true,7517690,error,8227
item:,46.124.205.111,freq:,7032491,true,7029965,error,2526
item:,46.128.117.199,freq:,3350928,true,3328065,error,22863
item:,46.131.0.78,freq:,14496087,true,14460650,error,35437
item:,46.154.90.124,freq:,4758056,true,4754415,error,3641
item:,46.17.225.40,freq:,2247160,true,2213992,error,33168
item:,46.175.73.12,freq:,21686237,true,21677325,error,8912
item:,46.183.98.125,freq:,12265459,true,12254549,error,10910
item:,46.228.203.154,freq:,2323539,true,2318688,error,4851
item:,46.33.18.136,freq:,10811951,true,10805558,error,6393
item:,46.84.36.29,freq:,2136535,true,2115456,error,21079
item:,46.85.16.134,freq:,3170366,true,3163812,error,6554
item:,46.87.153.5,freq:,3043640,true,3037860,error,5780
item:,48.10.227.136,freq:,3947299,true,3945355,error,1944
item:,48.123.85.186,freq:,1654219,true,1647785,error,6434
item:,48.148.195.50,freq:,8557749,true,8554818,error,2931
item:,48.19.253.139,freq:,26234221,true,26228124,error,6097
item:,48.192.68.107,freq:,4386273,true,4372302,error,13971
item:,48.221.133.81,freq:,5651479,true,5647968,error,3511
item:,48.223.24.107,freq:,29116536,true,29090942,error,25594
item:,48.227.91.131,freq:,2767240,true,2765301,error,1939
item:,49.116.45.186,freq:,5448174,true,5434202,error,13972
item:,49.127.52.155,freq:,11578883,true,11569511,error,9372
item:,49.177.173.28,freq:,4077003,true,4070766,error,6237
item:,49.209.221.183,freq:,1918059,true,1905196,error,12863
item:,49.224.44.194,freq:,8546040,true,8535725,error,10315
item:,5.15.185.56,freq:,3175957,true,3168197,error,7760
item:,5.212.137.178,freq:,11678763,true,11666245,error,12518
item:,5.238.161.156,freq:,4011971,true,4006800,error,5171
item:,5.54.103.190,freq:,307446066,true,307408949,error,37117
item:,50.113.24.217,freq:,34498722,true,34496226,error,2496
item:,50.137.137.102,freq:,5230202,true,5225146,error,5056
item:,50.137.137.202,freq:,3016683,true,3011507,error,5176
item:,50.141.156.173,freq:,2338458,true,2320565,error,17893
item:,50.164.222.163,freq:,35248558,true,35244304,error,4254
item:,50.220.149.96,freq:,2591112,true,2564339,error,26773
item:,50.55.103.253,freq:,3482541,true,3471246,error,11295
item:,50.72.62.8,freq:,23299290,true,23277407,error,21883
item:,50.94.21.77,freq:,3647255,true,3638630,error,8625
item:,52.174.241.156,freq:,19826782,true,19818283,error,8499
item:,52.185.56.7,freq:,1781328,true,1757446,error,23882
item:,52.206.26.212,freq:,2685831,true,2665354,error,20477
item:,52.217.212.151,freq:,53272009,true,53253758,error,18251
item:,52.40.85.171,freq:,3032047,true,3027985,error,4062
item:,52.47.56.194,freq:,1808330,true,1802932,error,5398
item:,52.62.63.13,freq:,1675418,true,1669570,error,5848
item:,54.125.5.63,freq:,11128749,true,11100996,error,27753
item:,54.152.158.21,freq:,2139899,true,2134527,error,5372
item:,54.167.229.229,freq:,2475701,true,2468478,error,7223
item:,54.170.235.230,freq:,2526818,true,2517434,error,9384
item:,54.22.6.191,freq:,2562288,true,2550656,error,11632
item:,54.35.248.96,freq:,3077610,true,3059329,error,18281
item:,54.44.182.57,freq:,22024421,true,22016962,error,7459
item:,54.96.252.118,freq:,2357282,true,2347660,error,9622
item:,54.97.24.230,freq:,14758029,true,14755107,error,2922
item:,56.106.69.117,freq:,2123928,true,2102543,error,21385
item:,56.171.197.200,freq:,5279688,true,5262703,error,16985
item:,56.181.73.252,freq:,37856135,true,37840824,error,15311
item:,56.47.196.195,freq:,3739383,true,3731464,error,7919
item:,57.118.54.37,freq:,1890192,true,1874016,error,16176
item:,57.228.239.148,freq:,12050002,true,12043479,error,6523
item:,57.57.73.214,freq:,32540591,true,32510804,error,29787
item:,57.74.197.116,freq:,1809918,true,1793686,error,16232
item:,59.0.52.198,freq:,3630834,true,3617831,error,13003
item:,59.202.30.161,freq:,2987114,true,2977559,error,9555
item:,59.212.36.179,freq:,13982312,true,13969630,error,12682
item:,59.23.137.181,freq:,3901056,true,3888815,error,12241
item:,59.237.92.185,freq:,3969095,true,3956646,error,12449
item:,59.26.73.152,freq:,2956758,true,2948211,error,8547
item:,59.40.190.74,freq:,16053214,true,16037812,error,15402
item:,59.5.238.94,freq:,6830423,true,6824460,error,5963
item:,59.58.138.27,freq:,71688818,true,71684950,error,3868
item:,59.74.184.204,freq:,63551034,true,63543912,error,7122
item:,59.87.42.195,freq:,3151107,true,3149060,error,2047
item:,59.93.92.45,freq:,2187506,true,2182495,error,5011
item:,6.17.38.246,freq:,18282540,true,18276298,error,6242
item:,6.175.180.217,freq:,4348683,true,4345586,error,3097
item:,6.204.216.201,freq:,3604971,true,3590817,error,14154
item:,6.220.118.82,freq:,1748524,true,1739828,error,8696
item:,6.26.24.41,freq:,4060829,true,4033156,error,27673
item:,6.45.191.216,freq:,2427387,true,2399554,error,27833
item:,6.71.111.87,freq:,1675594,true,1663464,error,12130
item:,6.82.90.134,freq:,23437549,true,23411082,error,26467
item:,60.126.169.82,freq:,105640983,true,105636547,error,4436
item:,60.142.18.6,freq:,9697491,true,9683310,error,14181
item:,60.193.108.126,freq:,13526897,true,13508701,error,18196
item:,60.250.242.173,freq:,2805191,true,2790258,error,14933
item:,60.45.238.215,freq:,8087776,true,8084435,error,3341
item:,61.145.102.252,freq:,5219678,true,5204698,error,14980
item:,61.196.114.124,freq:,2104065,true,2081738,error,22327
item:,61.198.23.145,freq:,1737336,true,1726383,error,10953
item:,61.54.204.147,freq:,2461280,true,2451438,error,9842
item:,61.83.197.59,freq:,5230586,true,5226432,error,4154
item:,62.113.39.19,freq:,3410110,true,3404513,error,5597
item:,62.244.177.228,freq:,3777763,true,3767902,error,9861
item:,62.245.142.241,freq:,4446008,true,4437588,error,8420
item:,62.250.177.169,freq:,3209982,true,3202482,error,7500
item:,62.35.244.88,freq:,1781613,true,1751845,error,29768
item:,62.58.112.136,freq:,1875516,true,1866058,error,9458
item:,62.94.254.35,freq:,2581588,true,2572396,error,9192
item:,62.97.55.3,freq:,1919292,true,1911715,error,7577
item:,65.0.207.200,freq:,137469818,true,137439000,error,30818
item:,65.109.135.128,freq:,1981657,true,1973605,error,8052
item:,65.121.255.147,freq:,20174288,true,20158635,error,15653
item:,65.31.158.167,freq:,171398794,true,171382500,error,16294
item:,65.36.50.47,freq:,3104810,true,3098219,error,6591
item:,65.42.163.59,freq:,76405192,true,76388466,error,16726
item:,65.51.134.240,freq:,6494988,true,6477832,error,17156
item:,65.6.240.238,freq:,2541536,true,2426384,error,115152
item:,65.62.228.109,freq:,3648914,true,3641365,error,7549
item:,65.65.236.192,freq:,2153603,true,2145572,error,8031
item:,66.168.221.195,freq:,2210763,true,2202112,error,8651
item:,66.178.36.243,freq:,5122570,true,5113534,error,9036
item:,66.198.52.132,freq:,114755886,true,114745348,error,10538
item:,66.231.17.164,freq:,52142680,true,52123666,error,19014
item:,66.232.4.140,freq:,1977816,true,1968261,error,9555
item:,66.239.47.216,freq:,22286809,true,22272975,error,13834
item:,66.7.68.97,freq:,13267840,true,13224866,error,42974
item:,67.213.215.248,freq:,67294519,true,67287685,error,6834
item:,67.52.235.98,freq:,2797247,true,2784583,error,12664
item:,68.104.41.143,freq:,16237747,true,16213091,error,24656
item:,68.11.215.245,freq:,2265158453,true,2265129406,error,29047
item:,68.13.64.40,freq:,2077349,true,2062353,error,14996
item:,68.210.121.234,freq:,2342902,true,2004037,error,338865
item:,68.219.16.235,freq:,6508531,true,6504664,error,3867
item:,68.22.179.205,freq:,64298222,true,64291442,error,6780
item:,68.39.161.59,freq:,2425024,true,2411952,error,13072
item:,68.53.156.76,freq:,26116253,true,26095064,error,21189
item:,68.59.228.155,freq:,2193229,true,2189148,error,4081
item:,68.91.253.53,freq:,1821596,true,1814223,error,7373
item:,7.135.251.115,freq:,1744621,true,1737986,error,6635
item:,7.14.186.20,freq:,3812360,true,3806899,error,5461
item:,7.2.233.29,freq:,82182744,true,82181259,error,1485
item:,7.234.215.35,freq:,19349935,true,19342329,error,7606
item:,7.89.24.255,freq:,6384411,true,6373404,error,11007
item:,71.109.193.27,freq:,53371312,true,53351294,error,20018
item:,71.111.75.66,freq:,1682318,true,1669301,error,13017
item:,71.138.186.20,freq:,3056395,true,3047014,error,9381
item:,71.168.43.82,freq:,1799250,true,1786698,error,12552
item:,71.2.54.9,freq:,3409204,true,3393763,error,15441
item:,71.228.6.209,freq:,3198503,true,3186764,error,11739
item:,71.241.224.220,freq:,3264976,true,3258954,error,6022
item:,71.56.171.85,freq:,4673499,true,4668691,error,4808
item:,71.89.241.130,freq:,2669959,true,2661685,error,8274
item:,71.97.78.119,freq:,38788557,true,38764924,error,23633
item:,73.116.13.185,freq:,3780976,true,3769789,error,11187
item:,73.172.11.203,freq:,4759540,true,4753158,error,6382
item:,73.190.168.167,freq:,5047357,true,5041175,error,6182
item:,73.204.44.105,freq:,1924340,true,1920384,error,3956
item:,73.22.113.140,freq:,1992947,true,1989247,error,3700
item:,73.224.41.250,freq:,3047047,true,3042912,error,4135
item:,73.246.22.158,freq:,2677786,true,2666068,error,11718
item:,74.168.102.160,freq:,4012035,true,4006800,error,5235
item:,74.182.79.145,freq:,2966950,true,2962441,error,4509
item:,74.237.187.164,freq:,5619768,true,5609911,error,9857
item:,74.47.47.144,freq:,2791222,true,2786284,error,4938
item:,74.61.149.159,freq:,14268684,true,14258860,error,9824
item:,74.99.85.158,freq:,9281736,true,9272016,error,9720
item:,75.248.62.223,freq:,44020582,true,44009314,error,11268
item:,75.54.147.181,freq:,3232827,true,3229857,error,2970
item:,75.57.204.196,freq:,4037210,true,4034439,error,2771
item:,77.107.255.105,freq:,4659547,true,4633564,error,25983
item:,77.160.251.164,freq:,12693417,true,12686683,error,6734
item:,77.179.187.235,freq:,2631964,true,2617379,error,14585
item:,77.189.90.110,freq:,57408244,true,57402446,error,5798
item:,77.20.121.204,freq:,22676310,true,22654532,error,21778
item:,77.222.217.240,freq:,2075898,true,2053480,error,22418
item:,77.226.211.241,freq:,3642799,true,3633300,error,9499
item:,77.44.49.230,freq:,2762429,true,2746072,error,16357
item:,77.62.15.172,freq:,27500890,true,27486663,error,14227
item:,77.74.26.57,freq:,2820265,true,2809695,error,10570
item:,79.109.8.198,freq:,2424816,true,2420280,error,4536
item:,79.134.30.180,freq:,21448336,true,21419642,error,28694
item:,79.158.95.74,freq:,19456616,true,19441663,error,14953
item:,79.209.140.69,freq:,28584000,true,28555995,error,28005
item:,79.218.234.119,freq:,8222788,true,8214770,error,8018
item:,79.228.187.75,freq:,23119298,true,23113116,error,6182
item:,79.250.197.185,freq:,5452745,true,5439258,error,13487
item:,79.29.102.238,freq:,8081910,true,8067780,error,14130
item:,79.93.238.90,freq:,3563125,true,3556116,error,7009
item:,8.132.21.70,freq:,1872344,true,1847109,error,25235
item:,8.135.95.84,freq:,2225701,true,2220847,error,4854
item:,8.180.96.138,freq:,18391636,true,18383435,error,8201
item:,8.182.150.174,freq:,4220787,true,4212789,error,7998
item:,8.195.110.13,freq:,1984717,true,1975059,error,9658
item:,8.206.84.156,freq:,290252446,true,290242180,error,10266
item:,8.219.143.43,freq:,33738375,true,33732491,error,5884
item:,8.221.226.120,freq:,157090980,true,157085613,error,5367
item:,80.133.224.178,freq:,2401413,true,2397605,error,3808
item:,80.170.171.178,freq:,1806694,true,1797172,error,9522
item:,80.172.25.222,freq:,10884555,true,10879365,error,5190
item:,80.180.157.170,freq:,22949182,true,22941862,error,7320
item:,80.200.171.68,freq:,2894234,true,2871949,error,22285
item:,80.220.232.87,freq:,9429917,true,9424880,error,5037
item:,80.245.7.86,freq:,34554330,true,34523687,error,30643
item:,80.27.70.26,freq:,12437741,true,12422499,error,15242
item:,81.251.232.28,freq:,3330753,true,3307818,error,22935
item:,82.172.144.176,freq:,2373338,true,2364158,error,9180
item:,82.172.145.168,freq:,1878904,true,1860467,error,18437
item:,82.227.241.125,freq:,2127698,true,2114818,error,12880
item:,82.243.211.51,freq:,3100174,true,3086492,error,13682
item:,82.252.45.176,freq:,11057594,true,11048441,error,9153
item:,82.3.227.75,freq:,5352325,true,5343329,error,8996
item:,82.48.235.140,freq:,2293671,true,2276365,error,17306
item:,82.49.205.137,freq:,3565921,true,3559835,error,6086
item:,82.74.189.215,freq:,2820346,true,2815508,error,4838
item:,83.202.217.242,freq:,1852731,true,1844895,error,7836
item:,83.209.244.201,freq:,7281081,true,7266323,error,14758
item:,83.224.33.38,freq:,1783843,true,1780798,error,3045
item:,84.159.214.7,freq:,27157226,true,27151209,error,6017
item:,84.184.179.245,freq:,2203633,true,2193931,error,9702
item:,84.190.114.5,freq:,1897781,true,1893459,error,4322
item:,84.228.50.43,freq:,32174644,true,32159606,error,15038
item:,85.246.210.200,freq:,5557352,true,5546630,error,10722
item:,85.64.87.26,freq:,1798984,true,1783644,error,15340
item:,86.108.56.90,freq:,5110377,true,5104783,error,5594
item:,86.127.110.115,freq:,3391412,true,3377541,error,13871
item:,86.129.255.213,freq:,2825437,true,2821830,error,3607
item:,86.214.46.41,freq:,3111351,true,3100594,error,10757
item:,86.28.232.146,freq:,178105591,true,178090915,error,14676
item:,86.79.212.116,freq:,11897079,true,11894320,error,2759
item:,86.88.172.177,freq:,2027158,true,2012989,error,14169
item:,87.139.89.155,freq:,2107707,true,2090612,error,17095
item:,87.207.160.118,freq:,2211421,true,2200605,error,10816
item:,87.62.152.87,freq:,4747454,true,4730358,error,17096
item:,88.122.37.207,freq:,3583286,true,3574376,error,8910
item:,88.125.186.74,freq:,1723269,true,1713251,error,10018
item:,88.21.120.244,freq:,1879624,true,1860816,error,18808
item:,88.233.47.53,freq:,4969194,true,4949633,error,19561
item:,88.59.23.11,freq:,5273033,true,5268912,error,4121
item:,88.67.241.126,freq:,19366442,true,19342461,error,23981
item:,88.67.98.201,freq:,3054042,true,3021244,error,32798
item:,88.88.136.71,freq:,5741709,true,5735199,error,6510
item:,88.94.50.249,freq:,1835715,true,1834062,error,1653
item:,88.99.118.202,freq:,3544157,true,3516955,error,27202
item:,89.101.50.28,freq:,4255170,true,4245827,error,9343
item:,89.123.215.131,freq:,32536508,true,32515734,error,20774
item:,89.68.232.3,freq:,2030929,true,2015478,error,15451
item:,89.77.120.176,freq:,6296134,true,6284666,error,11468
item:,91.109.88.18,freq:,2241131,true,2228276,error,12855
item:,91.123.250.232,freq:,2054656,true,2049010,error,5646
item:,91.42.222.20,freq:,1816532,true,1810058,error,6474
item:,91.66.119.32,freq:,3414561,true,3411326,error,3235
item:,91.67.119.46,freq:,44495888,true,44494398,error,1490
item:,91.71.50.10,freq:,1814707,true,1807178,error,7529
item:,91.72.165.218,freq:,39454556,true,39440444,error,14112
item:,91.77.8.223,freq:,66800454,true,66787787,error,12667
item:,91.91.39.118,freq:,5691668,true,5649675,error,41993
item:,91.99.90.249,freq:,2085855,true,2080751,error,5104
item:,93.121.32.92,freq:,1943604,true,1930216,error,13388
item:,93.124.134.153,freq:,29083687,true,29078993,error,4694
item:,93.124.224.91,freq:,2519532,true,2505172,error,14360
item:,93.15.206.170,freq:,7098326,true,7093304,error,5022
item:,93.34.33.103,freq:,2094898,true,2092094,error,2804
item:,93.55.15.96,freq:,3209032,true,3205821,error,3211
item:,93.67.52.22,freq:,2797534,true,2778523,error,19011
item:,94.133.201.28,freq:,8704727,true,8690592,error,14135
item:,94.146.63.38,freq:,4369233,true,4337714,error,31519
item:,94.149.79.194,freq:,4973021,true,4954930,error,18091
item:,94.224.171.166,freq:,1732499,true,1707023,error,25476
item:,94.36.15.115,freq:,13728712,true,13710387,error,18325
item:,94.58.246.30,freq:,3667141,true,3653218,error,13923
item:,94.65.58.54,freq:,9289174,true,9281637,error,7537
item:,94.92.237.106,freq:,24062905,true,24046756,error,16149
item:,94.94.26.173,freq:,2630314,true,2617856,error,12458
item:,96.144.168.216,freq:,1918233,true,1909060,error,9173
item:,96.2.144.47,freq:,2018850,true,1987108,error,31742
item:,96.217.255.38,freq:,2039026,true,2032380,error,6646
item:,96.28.11.115,freq:,3246184,true,3240118,error,6066
item:,96.71.47.70,freq:,5388663,true,5371614,error,17049
item:,97.117.224.40,freq:,11119780,true,11113351,error,6429
item:,97.197.120.65,freq:,22094451,true,22080267,error,14184
item:,97.235.73.206,freq:,4852684,true,4843551,error,9133
item:,98.12.163.48,freq:,3030274,true,3029787,error,487
item:,98.127.81.223,freq:,1979701,true,1976222,error,3479
item:,98.159.195.251,freq:,1748697,true,1732607,error,16090
item:,98.226.162.213,freq:,2318395,true,2311344,error,7051
item:,99.190.12.58,freq:,1886897,true,1885437,error,1460
item:,99.224.45.105,freq:,4448338,true,4443636,error,4702
item:,99.240.51.76,freq:,56684467,true,56675767,error,8700
item:,99.72.170.64,freq:,1697573,true,1670464,error,27109
item:,99.78.251.23,freq:,7972375,true,7970014,error,2361
