item:,0.231.131.143,freq:,45912755,true,45908632,error,4123
item:,1.111.161.22,freq:,6468682,true,6456922,error,11760
item:,1.173.54.113,freq:,25037023,true,25032268,error,4755
item:,100.5.248.154,freq:,56158504,true,56141965,error,16539
item:,100.9.242.80,freq:,39974449,true,39970241,error,4208
item:,101.118.145.28,freq:,7618497,true,7605234,error,13263
item:,102.131.210.179,freq:,69060981,true,69058036,error,2945
item:,102.201.103.18,freq:,14991355,true,14980363,error,10992
item:,102.36.213.131,freq:,9001270,true,8989076,error,12194
item:,102.81.50.150,freq:,71069140,true,71061438,error,7702
item:,102.89.167.88,freq:,11050013,true,11043712,error,6301
item:,103.190.223.157,freq:,11332960,true,11327361,error,5599
item:,104.181.149.136,freq:,37918094,true,37906743,error,11351
item:,104.62.199.120,freq:,57045526,true,57042555,error,2971
item:,104.72.116.159,freq:,356939352,true,356926091,error,13261
item:,106.188.78.39,freq:,14100261,true,14091596,error,8665
item:,107.215.97.31,freq:,9365389,true,9348828,error,16561
item:,107.53.64.120,freq:,27682679,true,27674244,error,8435
item:,108.218.233.54,freq:,19595330,true,19589673,error,5657
item:,108.41.16.101,freq:,6992704,true,6985092,error,7612
item:,108.80.123.154,freq:,11861181,true,11857004,error,4177
item:,108.90.160.89,freq:,46341542,true,46337940,error,3602
item:,109.166.108.73,freq:,43950207,true,43932970,error,17237
item:,109.242.128.73,freq:,49336622,true,49324820,error,11802
item:,109.87.29.88,freq:,19005175,true,18988020,error,17155
item:,11.111.49.48,freq:,8346024,true,8331373,error,14651
item:,11.199.74.89,freq:,9772823,true,9762001,error,10822
item:,11.224.109.231,freq:,6593996,true,6576237,error,17759
item:,11.38.195.10,freq:,20896963,true,20852019,error,44944
item:,113.102.153.174,freq:,12268840,true,12253751,error,15089
item:,113.18.40.177,freq:,6602843,true,6597037,error,5806
item:,114.12.138.204,freq:,30637662,true,30627573,error,10089
item:,115.80.45.249,freq:,22769875,true,22764947,error,4928
item:,116.110.125.52,freq:,21868168,true,21848403,error,19765
item:,116.34.36.47,freq:,36063595,true,36062658,error,937
item:,116.57.22.5,freq:,32235537,true,32213777,error,21760
item:,117.115.253.85,freq:,18960777,true,18944711,error,16066
item:,118.184.56.24,freq:,9733642,true,9731437,error,2205
item:,118.199.225.166,freq:,18815873,true,18808871,error,7002
item:,118.201.136.67,freq:,14715633,true,14705766,error,9867
item:,118.220.216.255,freq:,58321341,true,58313966,error,7375
item:,118.246.160.161,freq:,21778214,true,21772399,error,5815
item:,121.164.114.125,freq:,34791894,true,34786579,error,5315
item:,121.223.205.52,freq:,47570138,true,47558679,error,11459
item:,123.163.28.95,freq:,14863923,true,14859646,error,4277
item:,123.44.155.181,freq:,18469296,true,18463536,error,5760
item:,123.65.82.224,freq:,50661477,true,50607809,error,53668
item:,124.181.96.6,freq:,64327969,true,64322994,error,4975
item:,125.0.114.87,freq:,19624751,true,19598067,error,26684
item:,125.119.241.222,freq:,72125249,true,72116595,error,8654
item:,127.135.160.64,freq:,28519993,true,28515730,error,4263
item:,128.161.148.96,freq:,44132966,true,44128285,error,4681
item:,128.238.243.185,freq:,6672997,true,6656311,error,16686
item:,129.110.79.155,freq:,37252699,true,37247436,error,5263
item:,129.116.130.84,freq:,20062107,true,20060196,error,1911
item:,129.13.238.196,freq:,20405266,true,20384882,error,20384
item:,13.162.123.99,freq:,54819366,true,54816902,error,2464
item:,13.19.244.194,freq:,56952653,true,56937691,error,14962
item:,13.76.191.86,freq:,12480898,true,12476028,error,4870
item:,13.99.245.82,freq:,8520465,true,8513494,error,6971
item:,130.1.174.78,freq:,43733803,true,43714389,error,19414
item:,130.14.52.166,freq:,11183165,true,11176256,error,6909
item:,130.55.112.164,freq:,199623738,true,199620572,error,3166
item:,132.12.10.206,freq:,11629680,true,11620917,error,8763
item:,132.89.181.97,freq:,13234824,true,13225432,error,9392
item:,133.185.61.243,freq:,45905066,true,45899459,error,5607
item:,133.69.96.23,freq:,11116115,true,11087771,error,28344
item:,134.237.81.208,freq:,49536892,true,49525735,error,11157
item:,134.40.194.146,freq:,7785721,true,7764497,error,21224
item:,134.58.211.104,freq:,14039828,true,14035342,error,4486
item:,136.135.163.58,freq:,39458998,true,39455173,error,3825
item:,136.184.133.157,freq:,11979082,true,11967696,error,11386
item:,137.66.178.34,freq:,13448814,true,13444859,error,3955
item:,138.119.69.14,freq:,6918383,true,6907041,error,11342
item:,138.222.73.239,freq:,47682923,true,47663865,error,19058
item:,141.234.237.142,freq:,57470366,true,57467455,error,2911
item:,141.246.193.144,freq:,17654083,true,17641545,error,12538
item:,141.37.246.206,freq:,28758928,true,28743549,error,15379
item:,141.70.196.56,freq:,2734486279,true,2734471545,error,14734
item:,143.113.186.99,freq:,68352467,true,68318949,error,33518
item:,143.116.253.240,freq:,6574292,true,6568313,error,5979
item:,143.185.224.10,freq:,46645432,true,46643120,error,2312
item:,143.59.162.144,freq:,227336618,true,227325106,error,11512
item:,143.77.142.249,freq:,24934403,true,24931201,error,3202
item:,145.111.145.35,freq:,10074084,true,10069956,error,4128
item:,145.16.106.4,freq:,7140998,true,7135006,error,5992
item:,145.44.51.241,freq:,32106110,true,32086299,error,19811
item:,145.72.73.246,freq:,8591571,true,8585455,error,6116
item:,146.135.37.196,freq:,11774973,true,11764478,error,10495
item:,146.28.203.44,freq:,8111183,true,8099803,error,11380
item:,149.144.216.78,freq:,6908716,true,6904137,error,4579
item:,149.184.31.85,freq:,21738507,true,21736926,error,1581
item:,149.78.248.113,freq:,6640427,true,6622625,error,17802
item:,150.15.105.127,freq:,7828449,true,7820183,error,8266
item:,150.16.72.55,freq:,18261160,true,18250596,error,10564
item:,150.227.37.186,freq:,78249718,true,78245062,error,4656
item:,150.239.142.210,freq:,60899915,true,60887817,error,12098
item:,150.94.149.78,freq:,21243573,true,21228704,error,14869
item:,152.153.154.196,freq:,7513040,true,7502389,error,10651
item:,153.191.151.234,freq:,41200109,true,41189434,error,10675
item:,155.111.92.85,freq:,27129944,true,27106613,error,23331
item:,155.184.200.166,freq:,19675843,true,19662416,error,13427
item:,156.190.171.65,freq:,52664834,true,52657896,error,6938
item:,156.198.189.156,freq:,13492486,true,13484791,error,7695
item:,157.121.38.180,freq:,25241137,true,25234502,error,6635
item:,159.0.187.117,freq:,15592555,true,15577596,error,14959
item:,159.108.69.118,freq:,6576878,true,6559492,error,17386
item:,159.183.150.64,freq:,8537415,true,8535076,error,2339
item:,159.218.114.103,freq:,35610193,true,35591150,error,19043
item:,159.40.54.52,freq:,9890095,true,9884834,error,5261
item:,16.114.89.112,freq:,33713532,true,33699890,error,13642
item:,16.16.58.255,freq:,12858528,true,12847006,error,11522
item:,16.55.126.178,freq:,22195048,true,22190543,error,4505
item:,16.79.210.212,freq:,7556999,true,7550376,error,6623
item:,16.8.235.239,freq:,148923069,true,148916018,error,7051
item:,160.69.123.150,freq:,2405852623,true,2405839343,error,13280
item:,161.213.218.23,freq:,26377368,true,26372815,error,4553
item:,161.240.56.102,freq:,14440920,true,14433460,error,7460
item:,161.31.155.36,freq:,8970442,true,8959906,error,10536
item:,163.125.251.56,freq:,1672031306,true,1672024604,error,6702
item:,163.188.186.255,freq:,12788750,true,12782016,error,6734
item:,163.225.187.52,freq:,8111671,true,8098798,error,12873
item:,163.231.192.148,freq:,10924656,true,10913676,error,10980
item:,163.254.2.24,freq:,9379435,true,9373125,error,6310
item:,163.30.239.96,freq:,42688859,true,42682000,error,6859
item:,164.178.10.40,freq:,284444682,true,284430104,error,14578
item:,165.47.238.7,freq:,103988893,true,103978507,error,10386
item:,165.50.133.241,freq:,23452479,true,23450174,error,2305
item:,167.11.51.252,freq:,305769501,true,305762694,error,6807
item:,167.126.56.59,freq:,21173700,true,21164832,error,8868
item:,169.186.93.105,freq:,9930865,true,9925352,error,5513
item:,169.213.80.174,freq:,14087926,true,14085598,error,2328
item:,169.222.83.185,freq:,40148050,true,40144104,error,3946
item:,170.32.238.158,freq:,55384477,true,55376468,error,8009
item:,170.74.66.219,freq:,2347619700,true,2347610110,error,9590
item:,172.0.81.249,freq:,13385018,true,13377054,error,7964
item:,172.120.64.47,freq:,33003675,true,32972665,error,31010
item:,172.77.65.121,freq:,16176406,true,16175594,error,812
item:,172.93.67.156,freq:,26704312,true,26690325,error,13987
item:,174.21.111.74,freq:,53516703,true,53495685,error,21018
item:,174.69.249.219,freq:,9984386,true,9974016,error,10370
item:,174.7.175.90,freq:,259451065,true,259440249,error,10816
item:,175.63.94.229,freq:,84505585,true,84491192,error,14393
item:,176.100.231.174,freq:,28253292,true,28237171,error,16121
item:,176.105.78.191,freq:,144487087,true,144471009,error,16078
item:,176.116.127.187,freq:,41048671,true,41034865,error,13806
item:,176.147.56.236,freq:,17129655,true,17122393,error,7262
item:,176.179.78.68,freq:,10514365,true,10498983,error,15382
item:,176.28.120.189,freq:,134825128,true,134818461,error,6667
item:,176.86.251.107,freq:,118809877,true,118801126,error,8751
item:,178.100.176.62,freq:,20341126,true,20335248,error,5878
item:,178.233.236.52,freq:,10337039,true,10332545,error,4494
item:,179.13.95.42,freq:,29560725,true,29549001,error,11724
item:,179.79.75.225,freq:,13715862,true,13713987,error,1875
item:,18.20.216.84,freq:,71520754,true,71516209,error,4545
item:,180.157.21.81,freq:,8745966,true,8736432,error,9534
item:,180.19.29.86,freq:,19943388,true,19930671,error,12717
item:,180.241.126.101,freq:,19214543,true,19187113,error,27430
item:,180.84.246.95,freq:,63221697,true,63208537,error,13160
item:,181.148.165.198,freq:,39702336,true,39697655,error,4681
item:,181.73.126.239,freq:,9809480,true,9801117,error,8363
item:,181.77.31.174,freq:,28855414,true,28798919,error,56495
item:,182.125.0.175,freq:,63051064,true,63043260,error,7804
item:,182.156.201.13,freq:,7788495,true,7777236,error,11259
item:,182.78.86.151,freq:,19726684,true,19715304,error,11380
item:,182.90.27.226,freq:,22641253,true,22640186,error,1067
item:,183.134.75.32,freq:,7677354,true,7614037,error,63317
item:,183.250.246.77,freq:,13028169,true,13021164,error,7005
item:,183.62.120.9,freq:,19728176,true,19696633,error,31543
item:,184.208.39.46,freq:,10784592,true,10779448,error,5144
item:,184.85.178.90,freq:,27020336,true,27015284,error,5052
item:,185.218.83.126,freq:,17737128,true,17721664,error,15464
item:,186.11.70.68,freq:,6563964,true,6530580,error,33384
item:,186.222.105.180,freq:,20217383,true,20212448,error,4935
item:,187.186.116.77,freq:,39037920,true,39024653,error,13267
item:,187.188.35.133,freq:,1901540189,true,1901523360,error,16829
item:,187.203.179.43,freq:,202177614,true,202169335,error,8279
item:,188.20.49.152,freq:,11122532,true,11116439,error,6093
item:,188.21.186.64,freq:,27399832,true,27390163,error,9669
item:,188.241.67.69,freq:,7173339,true,7168679,error,4660
item:,188.248.208.25,freq:,23470376,true,23453695,error,16681
item:,188.86.223.32,freq:,16769998,true,16754400,error,15598
item:,188.86.67.249,freq:,12917851,true,12905100,error,12751
item:,19.128.250.123,freq:,21965032,true,21957636,error,7396
item:,19.136.202.82,freq:,17260819,true,17257239,error,3580
item:,19.85.4.8,freq:,19238052,true,19234800,error,3252
item:,190.64.237.235,freq:,20547948,true,20540958,error,6990
item:,191.233.112.105,freq:,31187263,true,31164605,error,22658
item:,191.242.248.246,freq:,10563789,true,10557149,error,6640
item:,191.253.110.1,freq:,30098633,true,30091932,error,6701
item:,192.130.89.159,freq:,36678042,true,36670398,error,7644
item:,193.93.233.11,freq:,7072313,true,7066390,error,5923
item:,194.103.149.125,freq:,8642857,true,8628810,error,14047
item:,194.176.189.161,freq:,20810234,true,20807333,error,2901
item:,194.177.147.4,freq:,9454892,true,9451120,error,3772
item:,194.182.161.121,freq:,10028647,true,10005351,error,23296
item:,195.10.158.251,freq:,53258462,true,53248986,error,9476
item:,195.10.222.114,freq:,8320348,true,8308872,error,11476
item:,195.140.116.143,freq:,65667631,true,65663725,error,3906
item:,195.204.162.94,freq:,121330383,true,121325132,error,5251
item:,197.149.253.190,freq:,44363056,true,44360982,error,2074
item:,197.180.10.93,freq:,13007015,true,13000728,error,6287
item:,197.228.29.6,freq:,7180451,true,7169844,error,10607
item:,198.165.237.205,freq:,20208581,true,20155000,error,53581
item:,198.180.23.222,freq:,9241357,true,9236916,error,4441
item:,198.237.47.168,freq:,30535554,true,30509430,error,26124
item:,198.245.227.247,freq:,17424061,true,17409012,error,15049
item:,198.255.240.149,freq:,8140328,true,8134452,error,5876
item:,198.73.20.42,freq:,7143350,true,7135675,error,7675
item:,2.108.239.235,freq:,10494921,true,10486564,error,8357
item:,2.226.180.139,freq:,14082731,true,14078376,error,4355
item:,2.61.164.141,freq:,49636113,true,49621892,error,14221
item:,2.84.75.241,freq:,15044926,true,15035000,error,9926
item:,20.228.230.199,freq:,15084500,true,15072610,error,11890
item:,20.236.60.219,freq:,15808787,true,15807079,error,1708
item:,20.76.208.201,freq:,17927082,true,17927052,error,30
item:,200.15.73.46,freq:,15205231,true,15202645,error,2586
item:,200.221.152.247,freq:,50001893,true,49998665,error,3228
item:,200.233.14.94,freq:,67738957,true,67732562,error,6395
item:,200.76.197.55,freq:,35284929,true,35275602,error,9327
item:,203.31.34.49,freq:,9750414,true,9744236,error,6178
item:,203.94.70.105,freq:,16993506,true,16974653,error,18853
item:,203.99.60.217,freq:,19564012,true,19557235,error,6777
item:,204.147.119.78,freq:,10625620,true,10616150,error,9470
item:,204.23.9.48,freq:,9365371,true,9357170,error,8201
item:,204.27.14.102,freq:,6831773,true,6828755,error,3018
item:,204.74.75.0,freq:,26037334,true,26032896,error,4438
item:,204.96.115.91,freq:,12681359,true,12667360,error,13999
item:,206.221.244.21,freq:,63950328,true,63936756,error,13572
item:,206.36.172.36,freq:,7502061,true,7499158,error,2903
item:,207.190.82.28,freq:,19926373,true,19922540,error,3833
item:,208.139.159.143,freq:,158756356,true,158750455,error,5901
item:,208.159.211.223,freq:,13434681,true,13432788,error,1893
item:,208.201.106.5,freq:,20805047,true,20793190,error,11857
item:,208.23.97.148,freq:,31524090,true,31519847,error,4243
item:,208.231.29.106,freq:,32672535,true,32651384,error,21151
item:,21.242.19.148,freq:,9198457,true,9195679,error,2778
item:,211.113.77.204,freq:,16622630,true,16616754,error,5876
item:,211.143.121.66,freq:,10234261,true,10221360,error,12901
item:,211.180.57.222,freq:,84793237,true,84783979,error,9258
item:,211.228.247.141,freq:,39114306,true,39100009,error,14297
item:,212.176.139.83,freq:,15236632,true,15225599,error,11033
item:,212.241.202.32,freq:,14926104,true,14887440,error,38664
item:,213.106.118.254,freq:,45402334,true,45397834,error,4500
item:,213.117.84.232,freq:,129211192,true,129209145,error,2047
item:,213.151.25.93,freq:,15062242,true,15056699,error,5543
item:,213.5.125.185,freq:,11734460,true,11732141,error,2319
item:,214.137.38.240,freq:,10401910,true,10399535,error,2375
item:,216.117.110.132,freq:,9346715,true,9337680,error,9035
item:,216.207.185.112,freq:,18648371,true,18634759,error,13612
item:,216.78.174.23,freq:,14671552,true,14664745,error,6807
item:,218.111.250.51,freq:,9186999,true,9167415,error,19584
item:,218.31.209.23,freq:,8242200,true,8234999,error,7201
item:,218.4.9.83,freq:,29768686,true,29738147,error,30539
item:,218.45.112.190,freq:,8216121,true,8211256,error,4865
item:,220.158.151.160,freq:,104517773,true,104508128,error,9645
item:,220.168.176.111,freq:,82682559,true,82652541,error,30018
item:,220.19.44.68,freq:,29990979,true,29984138,error,6841
item:,221.216.74.128,freq:,7271177,true,7263197,error,7980
item:,222.16.15.11,freq:,17196310,true,17183896,error,12414
item:,222.36.99.34,freq:,7207340,true,7197170,error,10170
item:,222.39.118.146,freq:,7579603,true,7574733,error,4870
item:,222.45.162.51,freq:,379438290,true,379434690,error,3600
item:,223.11.50.110,freq:,17434600,true,17431091,error,3509
item:,223.74.204.225,freq:,8929128,true,8917313,error,11815
item:,225.201.107.214,freq:,18570328,true,18554945,error,15383
item:,227.78.63.158,freq:,95360368,true,95357455,error,2913
item:,228.162.211.39,freq:,30111561,true,30101704,error,9857
item:,229.124.71.152,freq:,8709175,true,8706844,error,2331
item:,229.19.54.225,freq:,8805433,true,8785079,error,20354
item:,229.77.75.87,freq:,20552791,true,20545878,error,6913
item:,23.230.47.154,freq:,54315939,true,54309483,error,6456
item:,23.230.65.223,freq:,9348353,true,9341291,error,7062
item:,231.131.197.202,freq:,49560805,true,49554948,error,5857
item:,233.177.92.13,freq:,35398136,true,35390735,error,7401
item:,233.236.148.16,freq:,134298644,true,134294657,error,3987
item:,233.32.78.72,freq:,59148092,true,59144875,error,3217
item:,233.37.147.202,freq:,6461553,true,6437904,error,23649
item:,233.99.106.49,freq:,13308125,true,13301832,error,6293
item:,234.206.19.85,freq:,13818001,true,13809676,error,8325
item:,234.236.179.25,freq:,19524767,true,19509208,error,15559
item:,235.185.124.20,freq:,23410984,true,23401034,error,9950
item:,237.228.0.222,freq:,18713654,true,18710995,error,2659
item:,237.80.2.60,freq:,7432614,true,7423899,error,8715
item:,237.80.72.249,freq:,10978024,true,10965240,error,12784
item:,237.89.26.233,freq:,39553627,true,39547401,error,6226
item:,238.10.167.92,freq:,15202465,true,15199405,error,3060
item:,238.121.58.110,freq:,6917010,true,6911424,error,5586
item:,238.133.113.205,freq:,72717137,true,72707859,error,9278
item:,238.185.83.164,freq:,8056082,true,8031346,error,24736
item:,238.95.180.195,freq:,33318191,true,33313252,error,4939
item:,239.120.103.84,freq:,50468118,true,50448911,error,19207
item:,239.239.182.41,freq:,239419913,true,239415614,error,4299
item:,239.33.137.180,freq:,6763472,true,6738954,error,24518
item:,24.64.149.107,freq:,2564858060,true,2564849067,error,8993
item:,24.78.212.118,freq:,8822234,true,8816872,error,5362
item:,24.89.5.9,freq:,10436518,true,10428444,error,8074
item:,240.137.245.29,freq:,8226845,true,8213080,error,13765
item:,240.23.56.26,freq:,20424042,true,20413163,error,10879
item:,240.69.234.226,freq:,58827961,true,58812857,error,15104
item:,242.19.121.41,freq:,15395440,true,15376314,error,19126
item:,242.80.0.92,freq:,29012758,true,29009421,error,3337
item:,245.136.165.179,freq:,36537063,true,36535761,error,1302
item:,245.154.245.152,freq:,18719375,true,18713768,error,5607
item:,245.23.108.231,freq:,88038311,true,88028460,error,9851
item:,245.72.176.171,freq:,12510981,true,12500748,error,10233
item:,245.79.227.120,freq:,30004856,true,29993866,error,10990
item:,246.132.220.61,freq:,31772338,true,31765668,error,6670
item:,246.140.241.127,freq:,16708078,true,16707426,error,652
item:,246.247.199.168,freq:,12646122,true,12637994,error,8128
item:,247.11.12.113,freq:,11595235,true,11587817,error,7418
item:,247.161.118.246,freq:,7672600,true,7667843,error,4757
item:,247.215.197.147,freq:,13626354,true,13616654,error,9700
item:,27.117.134.51,freq:,19373986,true,19370861,error,3125
item:,27.23.184.162,freq:,60119698,true,60113714,error,5984
item:,27.28.220.115,freq:,64432078,true,64409871,error,22207
item:,27.62.135.250,freq:,71672753,true,71669504,error,3249
item:,28.222.205.236,freq:,47152873,true,47146184,error,6689
item:,29.222.173.30,freq:,28779439,true,28773009,error,6430
item:,3.140.88.71,freq:,6637788,true,6633745,error,4043
item:,3.209.58.55,freq:,14880785,true,14874444,error,6341
item:,30.199.18.6,freq:,61021035,true,61008415,error,12620
item:,31.171.236.162,freq:,29879138,true,29877283,error,1855
item:,31.221.125.64,freq:,6959686,true,6958796,error,890
item:,32.52.113.228,freq:,35614044,true,35594318,error,19726
item:,32.6.11.23,freq:,15494990,true,15475033,error,19957
item:,33.128.26.159,freq:,7447122,true,7441367,error,5755
item:,33.185.112.184,freq:,12014110,true,12008692,error,5418
item:,33.231.138.95,freq:,8752368,true,8744427,error,7941
item:,33.75.97.192,freq:,10783663,true,10780380,error,3283
item:,35.223.43.69,freq:,7156723,true,7146628,error,10095
item:,35.252.33.213,freq:,25750220,true,25743095,error,7125
item:,35.45.115.123,freq:,47715623,true,47711222,error,4401
item:,35.55.222.163,freq:,24664461,true,24657995,error,6466
item:,36.118.20.37,freq:,12581054,true,12567672,error,13382
item:,36.138.137.226,freq:,8520569,true,8512568,error,8001
item:,36.214.17.152,freq:,38948053,true,38941706,error,6347
item:,39.1.100.167,freq:,59304112,true,59292003,error,12109
item:,39.107.199.105,freq:,9506774,true,9495893,error,10881
item:,39.158.5.185,freq:,33616679,true,33609697,error,6982
item:,39.188.116.138,freq:,10874921,true,10857600,error,17321
item:,39.200.255.93,freq:,9733266,true,9729470,error,3796
item:,39.202.234.37,freq:,7251772,true,7246817,error,4955
item:,39.24.6.74,freq:,25157955,true,25132602,error,25353
item:,39.74.1.156,freq:,12267793,true,12265992,error,1801
item:,39.77.18.193,freq:,81853900,true,81847945,error,5955
item:,40.84.243.139,freq:,8257358,true,8253932,error,3426
item:,42.100.66.50,freq:,28117183,true,28111115,error,6068
item:,42.145.103.157,freq:,64929267,true,64914320,error,14947
item:,42.153.82.181,freq:,8100747,true,8062996,error,37751
item:,42.168.117.159,freq:,9784197,true,9771711,error,12486
item:,42.213.162.110,freq:,29336199,true,29267784,error,68415
item:,42.251.233.19,freq:,14184536,true,14184227,error,309
item:,42.50.173.38,freq:,53101702,true,53076199,error,25503
item:,45.238.253.205,freq:,12263763,true,12261144,error,2619
item:,45.30.12.153,freq:,29066408,true,29057007,error,9401
item:,45.99.194.212,freq:,23660236,true,23651566,error,8670
item:,46.105.26.40,freq:,40322811,true,40318481,error,4330
item:,46.131.0.78,freq:,13678513,true,13671166,error,7347
item:,46.183.98.125,freq:,9874018,true,9869205,error,4813
item:,46.242.239.48,freq:,37349979,true,37346423,error,3556
item:,46.33.18.136,freq:,10559458,true,10544820,error,14638
item:,46.42.9.89,freq:,12772685,true,12763694,error,8991
item:,46.73.178.72,freq:,17405208,true,17396250,error,8958
item:,48.148.195.50,freq:,7531217,true,7527528,error,3689
item:,48.19.253.139,freq:,17115113,true,17111484,error,3629
item:,48.223.24.107,freq:,37840461,true,37834722,error,5739
item:,49.127.52.155,freq:,12384295,true,12372418,error,11877
item:,49.201.104.136,freq:,33577391,true,33566991,error,10400
item:,49.232.1.51,freq:,21549679,true,21537790,error,11889
item:,5.37.26.73,freq:,489142795,true,489137671,error,5124
item:,50.168.18.54,freq:,24085825,true,24062688,error,23137
item:,50.213.216.60,freq:,6606825,true,6605476,error,1349
item:,50.224.189.171,freq:,17413379,true,17397432,error,15947
item:,50.83.229.109,freq:,32734109,true,32727060,error,7049
item:,52.115.30.10,freq:,11516385,true,11509992,error,6393
item:,52.174.241.156,freq:,17661859,true,17660022,error,1837
item:,52.244.37.88,freq:,17852243,true,17848116,error,4127
item:,52.44.233.226,freq:,8109507,true,8101114,error,8393
item:,54.125.5.63,freq:,11841441,true,11832042,error,9399
item:,54.128.239.55,freq:,7650657,true,7645129,error,5528
item:,54.253.138.235,freq:,7821830,true,7810686,error,11144
item:,56.181.73.252,freq:,32177357,true,32174263,error,3094
item:,57.68.81.254,freq:,131426483,true,131421058,error,5425
item:,57.96.149.176,freq:,6514980,true,6504732,error,10248
item:,59.197.11.7,freq:,7284190,true,7280332,error,3858
item:,59.236.179.246,freq:,15532758,true,15521799,error,10959
item:,59.242.43.70,freq:,13574784,true,13572086,error,2698
item:,59.40.190.74,freq:,16780774,true,16765429,error,15345
item:,59.5.238.94,freq:,9782643,true,9773291,error,9352
item:,59.74.184.204,freq:,68043771,true,68036228,error,7543
item:,61.195.170.1,freq:,13904110,true,13898196,error,5914
item:,62.110.74.89,freq:,6731957,true,6727500,error,4457
item:,62.160.252.201,freq:,7124266,true,7116053,error,8213
item:,62.245.142.241,freq:,104143551,true,104141002,error,2549
item:,62.59.169.34,freq:,31291405,true,31281388,error,10017
item:,65.0.207.200,freq:,129165471,true,129157500,error,7971
item:,65.121.255.147,freq:,7035290,true,7026839,error,8451
item:,65.19.100.24,freq:,107515003,true,107512977,error,2026
item:,65.21.130.245,freq:,7117521,true,7113506,error,4015
item:,65.31.158.167,freq:,145530371,true,145520958,error,9413
item:,65.42.163.59,freq:,55054850,true,55048595,error,6255
item:,65.64.211.51,freq:,18964826,true,18937085,error,27741
item:,66.7.68.97,freq:,86509187,true,86487434,error,21753
item:,67.213.215.248,freq:,66048380,true,66045440,error,2940
item:,67.52.235.98,freq:,182628491,true,182622122,error,6369
item:,68.104.41.143,freq:,14643410,true,14639088,error,4322
item:,68.210.121.234,freq:,30500173,true,30489160,error,11013
item:,68.242.12.176,freq:,6735850,true,6730791,error,5059
item:,68.58.45.96,freq:,16372946,true,16365782,error,7164
item:,7.14.186.20,freq:,27502928,true,27491897,error,11031
item:,7.2.233.29,freq:,52258094,true,52248817,error,9277
item:,7.234.215.35,freq:,16514655,true,16507887,error,6768
item:,7.246.187.68,freq:,16716350,true,16691630,error,24720
item:,71.109.193.27,freq:,37637945,true,37626616,error,11329
item:,71.156.188.111,freq:,14714682,true,14709179,error,5503
item:,71.232.181.223,freq:,142571202,true,142563426,error,7776
item:,71.56.171.85,freq:,7061489,true,7050324,error,11165
item:,71.97.78.119,freq:,33828843,true,33822927,error,5916
item:,73.2.186.131,freq:,39582541,true,39580500,error,2041
item:,73.34.253.138,freq:,22787167,true,22765974,error,21193
item:,73.80.171.4,freq:,7054091,true,7037797,error,16294
item:,74.47.47.144,freq:,35383707,true,35367193,error,16514
item:,74.61.149.159,freq:,15252454,true,15239798,error,12656
item:,75.202.6.114,freq:,20891520,true,20883294,error,8226
item:,75.248.62.223,freq:,44421189,true,44419254,error,1935
item:,75.54.147.181,freq:,31567130,true,31547686,error,19444
item:,77.137.176.96,freq:,10911082,true,10900074,error,11008
item:,77.189.90.110,freq:,57586227,true,57582231,error,3996
item:,77.254.230.252,freq:,13167011,true,13157703,error,9308
item:,77.79.222.107,freq:,30749259,true,30734402,error,14857
item:,79.134.175.179,freq:,17042067,true,17019765,error,22302
item:,79.158.95.74,freq:,31265879,true,31260294,error,5585
item:,79.228.187.75,freq:,14874851,true,14862276,error,12575
item:,79.29.102.238,freq:,8076593,true,8067600,error,8993
item:,79.92.188.56,freq:,10236775,true,10227320,error,9455
item:,8.14.85.180,freq:,25333485,true,25309905,error,23580
item:,8.180.96.138,freq:,18446179,true,18442535,error,3644
item:,8.182.150.174,freq:,8938587,true,8926611,error,11976
item:,8.206.84.156,freq:,276415934,true,276413840,error,2094
item:,8.219.143.43,freq:,15613366,true,15605398,error,7968
item:,8.223.38.215,freq:,34417470,true,34414245,error,3225
item:,8.232.201.212,freq:,27382106,true,27381801,error,305
item:,8.45.10.207,freq:,27654329,true,27640465,error,13864
item:,80.180.157.170,freq:,23934592,true,23929428,error,5164
item:,80.246.84.31,freq:,26853652,true,26839253,error,14399
item:,80.99.97.164,freq:,21582641,true,21570434,error,12207
item:,81.176.55.213,freq:,64215843,true,64200912,error,14931
item:,82.85.190.229,freq:,21374349,true,21372943,error,1406
item:,83.121.202.163,freq:,21874997,true,21868526,error,6471
item:,83.244.6.11,freq:,15852549,true,15832440,error,20109
item:,84.228.50.43,freq:,19904410,true,19896920,error,7490
item:,86.155.6.0,freq:,10728884,true,10714043,error,14841
item:,86.224.241.215,freq:,12197391,true,12195990,error,1401
item:,86.88.172.177,freq:,9089485,true,9081119,error,8366
item:,87.62.152.87,freq:,9407905,true,9399477,error,8428
item:,88.142.96.83,freq:,6714362,true,6707463,error,6899
item:,88.233.47.53,freq:,10339286,true,10316786,error,22500
item:,89.59.60.227,freq:,32196356,true,32194868,error,1488
item:,89.77.120.176,freq:,7806828,true,7804194,error,2634
item:,91.48.94.117,freq:,53420663,true,53406810,error,13853
item:,91.7.230.240,freq:,11036841,true,11034492,error,2349
item:,91.70.210.169,freq:,31404196,true,31379483,error,24713
item:,91.72.165.218,freq:,50391852,true,50385969,error,5883
item:,93.127.202.209,freq:,20295764,true,20293399,error,2365
item:,93.57.6.235,freq:,57111089,true,57099628,error,11461
item:,93.75.47.245,freq:,24118990,true,24114165,error,4825
item:,94.133.201.28,freq:,8797825,true,8789465,error,8360
item:,94.146.63.38,freq:,6884586,true,6880155,error,4431
item:,94.206.132.172,freq:,15144395,true,15138217,error,6178
item:,97.117.224.40,freq:,13558903,true,13551247,error,7656
item:,97.12.35.227,freq:,120937179,true,120927328,error,9851
item:,97.127.183.169,freq:,24211292,true,24197151,error,14141
item:,97.158.134.74,freq:,14475035,true,14467974,error,7061
item:,97.44.230.213,freq:,67065183,true,67060783,error,4400
